DateTime,26.5747 91.6836
2015-01-01,10.7409
2015-01-02,12.0017
2015-01-03,12.8724
2015-01-04,13.0664
2015-01-05,12.0210
2015-01-06,9.9776
2015-01-07,9.3702
2015-01-08,8.7251
2015-01-09,8.4973
2015-01-10,9.0982
2015-01-11,8.1878
2015-01-12,8.0772
2015-01-13,7.8742
2015-01-14,7.9028
2015-01-15,8.3582
2015-01-16,9.2007
2015-01-17,9.3438
2015-01-18,9.7904
2015-01-19,9.5658
2015-01-20,9.2446
2015-01-21,8.6273
2015-01-22,9.3804
2015-01-23,9.6840
2015-01-24,10.1103
2015-01-25,9.9343
2015-01-26,9.4530
2015-01-27,10.0560
2015-01-28,10.4797
2015-01-29,11.0890
2015-01-30,11.5843
2015-01-31,8.0134
2015-02-01,7.0520
2015-02-02,7.5138
2015-02-03,8.6657
2015-02-04,9.1904
2015-02-05,10.5041
2015-02-06,9.6025
2015-02-07,9.8541
2015-02-08,9.7786
2015-02-09,10.2622
2015-02-10,10.9852
2015-02-11,10.8111
2015-02-12,10.2110
2015-02-13,10.4294
2015-02-14,9.9267
2015-02-15,10.7430
2015-02-16,9.7927
2015-02-17,10.3125
2015-02-18,11.0983
2015-02-19,12.5310
2015-02-20,12.4830
2015-02-21,12.7876
2015-02-22,13.4131
2015-02-23,13.4706
2015-02-24,14.7460
2015-02-25,16.0129
2015-02-26,16.9480
2015-02-27,15.1312
2015-02-28,15.9921
2015-03-01,16.7650
2015-03-02,16.8284
2015-03-03,14.8324
2015-03-04,15.2510
2015-03-05,12.9110
2015-03-06,11.4237
2015-03-07,12.4910
2015-03-08,12.9346
2015-03-09,13.5874
2015-03-10,14.3707
2015-03-11,13.8426
2015-03-12,13.8217
2015-03-13,14.8661
2015-03-14,15.0949
2015-03-15,16.2241
2015-03-16,16.5647
2015-03-17,15.4317
2015-03-18,16.6825
2015-03-19,14.5397
2015-03-20,13.9590
2015-03-21,15.2258
2015-03-22,15.7643
2015-03-23,16.5644
2015-03-24,17.8177
2015-03-25,17.3864
2015-03-26,17.7916
2015-03-27,18.4605
2015-03-28,17.7947
2015-03-29,18.5299
2015-03-30,19.5385
2015-03-31,18.5196
2015-04-01,17.8829
2015-04-02,16.8777
2015-04-03,16.5417
2015-04-04,17.8891
2015-04-05,17.3279
2015-04-06,17.6505
2015-04-07,18.2785
2015-04-08,18.0410
2015-04-09,18.7520
2015-04-10,18.3512
2015-04-11,18.9892
2015-04-12,19.1850
2015-04-13,19.2650
2015-04-14,18.8906
2015-04-15,19.5292
2015-04-16,21.2655
2015-04-17,21.7033
2015-04-18,18.4849
2015-04-19,17.1562
2015-04-20,19.0923
2015-04-21,20.4316
2015-04-22,18.6413
2015-04-23,19.1355
2015-04-24,18.1300
2015-04-25,17.7213
2015-04-26,18.1814
2015-04-27,18.9708
2015-04-28,18.8512
2015-04-29,19.4010
2015-04-30,18.9676
2015-05-01,19.7173
2015-05-02,20.3816
2015-05-03,19.8146
2015-05-04,20.7284
2015-05-05,20.8980
2015-05-06,20.5360
2015-05-07,21.1827
2015-05-08,19.4736
2015-05-09,20.1938
2015-05-10,22.3474
2015-05-11,21.4489
2015-05-12,22.4845
2015-05-13,21.6257
2015-05-14,22.6888
2015-05-15,23.4239
2015-05-16,22.7909
2015-05-17,21.4738
2015-05-18,21.0486
2015-05-19,22.0735
2015-05-20,23.1354
2015-05-21,23.4632
2015-05-22,22.4732
2015-05-23,22.4857
2015-05-24,20.5271
2015-05-25,21.9773
2015-05-26,21.4349
2015-05-27,21.8855
2015-05-28,21.5672
2015-05-29,22.3759
2015-05-30,22.8722
2015-05-31,22.9093
2015-06-01,22.2913
2015-06-02,22.4649
2015-06-03,23.1380
2015-06-04,23.6298
2015-06-05,24.6195
2015-06-06,23.8963
2015-06-07,23.4355
2015-06-08,23.2827
2015-06-09,23.0734
2015-06-10,22.5703
2015-06-11,22.1055
2015-06-12,22.1848
2015-06-13,22.7840
2015-06-14,23.1392
2015-06-15,23.8643
2015-06-16,23.6233
2015-06-17,24.0223
2015-06-18,23.6223
2015-06-19,23.7499
2015-06-20,24.5652
2015-06-21,24.5411
2015-06-22,24.1066
2015-06-23,23.9695
2015-06-24,24.3371
2015-06-25,25.0293
2015-06-26,24.7769
2015-06-27,24.3163
2015-06-28,24.2020
2015-06-29,24.2011
2015-06-30,24.5892
2015-07-01,24.0587
2015-07-02,24.1520
2015-07-03,24.4083
2015-07-04,24.3952
2015-07-05,24.3464
2015-07-06,24.4802
2015-07-07,24.6110
2015-07-08,24.3633
2015-07-09,24.9288
2015-07-10,24.3897
2015-07-11,24.0193
2015-07-12,24.7255
2015-07-13,25.1038
2015-07-14,25.6608
2015-07-15,24.5120
2015-07-16,24.0429
2015-07-17,23.8178
2015-07-18,24.5896
2015-07-19,24.2089
2015-07-20,24.0460
2015-07-21,24.2191
2015-07-22,24.0740
2015-07-23,24.5558
2015-07-24,24.0177
2015-07-25,22.8373
2015-07-26,23.9822
2015-07-27,24.6240
2015-07-28,24.0147
2015-07-29,25.3524
2015-07-30,25.6178
2015-07-31,24.0408
2015-08-01,23.5535
2015-08-02,24.2350
2015-08-03,24.3091
2015-08-04,24.5611
2015-08-05,24.2027
2015-08-06,23.4938
2015-08-07,24.0545
2015-08-08,24.4403
2015-08-09,25.0740
2015-08-10,24.7217
2015-08-11,24.2390
2015-08-12,24.9161
2015-08-13,24.8343
2015-08-14,24.6785
2015-08-15,24.8431
2015-08-16,24.7587
2015-08-17,24.3260
2015-08-18,24.3518
2015-08-19,24.3427
2015-08-20,24.0377
2015-08-21,23.0377
2015-08-22,23.7197
2015-08-23,23.9430
2015-08-24,24.2443
2015-08-25,24.1527
2015-08-26,24.5163
2015-08-27,24.2095
2015-08-28,23.9748
2015-08-29,24.3600
2015-08-30,23.8510
2015-08-31,23.6906
2015-09-01,23.7359
2015-09-02,23.8707
2015-09-03,23.8986
2015-09-04,23.8677
2015-09-05,24.0876
2015-09-06,23.5271
2015-09-07,23.9035
2015-09-08,23.5829
2015-09-09,24.2905
2015-09-10,24.4495
2015-09-11,24.4564
2015-09-12,24.0509
2015-09-13,24.4387
2015-09-14,23.4755
2015-09-15,24.1846
2015-09-16,23.6200
2015-09-17,23.9988
2015-09-18,24.7656
2015-09-19,24.8036
2015-09-20,23.5660
2015-09-21,23.5987
2015-09-22,23.6683
2015-09-23,23.9687
2015-09-24,23.3343
2015-09-25,23.2769
2015-09-26,22.2276
2015-09-27,22.0973
2015-09-28,22.4974
2015-09-29,22.6460
2015-09-30,23.1477
2015-10-01,23.6303
2015-10-02,23.8419
2015-10-03,23.1049
2015-10-04,22.3561
2015-10-05,22.4726
2015-10-06,22.1696
2015-10-07,22.4125
2015-10-08,22.4085
2015-10-09,22.5645
2015-10-10,21.5649
2015-10-11,20.3400
2015-10-12,20.8464
2015-10-13,20.5795
2015-10-14,20.5462
2015-10-15,20.0713
2015-10-16,19.9595
2015-10-17,19.5222
2015-10-18,19.7146
2015-10-19,20.0255
2015-10-20,20.2142
2015-10-21,20.5117
2015-10-22,20.3531
2015-10-23,19.8320
2015-10-24,18.2930
2015-10-25,18.4951
2015-10-26,17.9774
2015-10-27,18.0292
2015-10-28,17.5323
2015-10-29,17.7126
2015-10-30,18.3764
2015-10-31,18.8141
2015-11-01,17.9280
2015-11-02,17.8145
2015-11-03,18.2273
2015-11-04,18.5828
2015-11-05,16.4737
2015-11-06,16.2462
2015-11-07,16.2640
2015-11-08,15.9994
2015-11-09,15.0028
2015-11-10,15.1401
2015-11-11,14.5261
2015-11-12,14.4349
2015-11-13,14.4043
2015-11-14,15.1806
2015-11-15,15.3199
2015-11-16,15.7663
2015-11-17,16.1956
2015-11-18,16.3139
2015-11-19,14.7211
2015-11-20,14.2039
2015-11-21,14.2744
2015-11-22,13.5193
2015-11-23,14.0933
2015-11-24,13.1441
2015-11-25,13.2171
2015-11-26,12.9256
2015-11-27,13.5321
2015-11-28,14.1614
2015-11-29,13.3549
2015-11-30,13.2395
2015-12-01,13.7173
2015-12-02,13.6509
2015-12-03,14.9458
2015-12-04,13.9229
2015-12-05,13.2501
2015-12-06,12.0825
2015-12-07,12.0488
2015-12-08,11.8463
2015-12-09,11.5835
2015-12-10,11.6919
2015-12-11,12.5090
2015-12-12,12.4861
2015-12-13,13.0497
2015-12-14,12.3119
2015-12-15,11.3369
2015-12-16,8.8206
2015-12-17,8.0752
2015-12-18,8.4980
2015-12-19,8.3017
2015-12-20,7.6742
2015-12-21,7.7809
2015-12-22,7.0290
2015-12-23,7.1071
2015-12-24,7.0689
2015-12-25,7.3660
2015-12-26,6.5945
2015-12-27,7.1374
2015-12-28,7.8016
2015-12-29,8.3707
2015-12-30,9.0782
2015-12-31,10.4555
2016-01-01,10.1262
2016-01-02,9.7082
2016-01-03,9.7798
2016-01-04,9.7055
2016-01-05,9.4575
2016-01-06,10.1019
2016-01-07,9.7107
2016-01-08,9.0522
2016-01-09,10.3852
2016-01-10,9.8268
2016-01-11,8.9708
2016-01-12,8.2775
2016-01-13,8.4750
2016-01-14,8.6964
2016-01-15,8.0719
2016-01-16,9.6704
2016-01-17,8.7182
2016-01-18,8.8757
2016-01-19,9.0803
2016-01-20,12.0156
2016-01-21,11.3353
2016-01-22,10.3999
2016-01-23,9.4720
2016-01-24,9.3215
2016-01-25,8.6840
2016-01-26,7.6893
2016-01-27,8.6997
2016-01-28,8.6937
2016-01-29,8.3631
2016-01-30,8.8421
2016-01-31,10.0369
2016-02-01,11.1975
2016-02-02,10.9204
2016-02-03,10.9931
2016-02-04,9.9059
2016-02-05,9.5511
2016-02-06,10.2847
2016-02-07,11.6641
2016-02-08,12.5350
2016-02-09,12.0945
2016-02-10,12.9791
2016-02-11,11.5301
2016-02-12,12.2841
2016-02-13,11.7489
2016-02-14,11.7468
2016-02-15,12.6646
2016-02-16,12.6101
2016-02-17,13.4181
2016-02-18,13.9599
2016-02-19,15.1378
2016-02-20,16.4790
2016-02-21,17.5487
2016-02-22,16.6383
2016-02-23,14.1979
2016-02-24,13.6325
2016-02-25,13.6166
2016-02-26,12.8381
2016-02-27,14.1040
2016-02-28,13.4160
2016-02-29,13.0566
2016-03-01,13.8125
2016-03-02,14.0903
2016-03-03,14.6901
2016-03-04,15.5627
2016-03-05,15.9461
2016-03-06,15.9671
2016-03-07,15.8911
2016-03-08,16.2753
2016-03-09,15.8844
2016-03-10,16.9512
2016-03-11,16.4242
2016-03-12,17.1108
2016-03-13,17.7587
2016-03-14,16.6496
2016-03-15,15.5404
2016-03-16,16.3112
2016-03-17,14.4488
2016-03-18,14.4990
2016-03-19,15.5514
2016-03-20,17.5429
2016-03-21,17.6838
2016-03-22,16.7693
2016-03-23,15.9987
2016-03-24,15.6893
2016-03-25,16.1446
2016-03-26,17.3001
2016-03-27,19.4577
2016-03-28,18.3960
2016-03-29,15.4725
2016-03-30,17.7408
2016-03-31,17.4845
2016-04-01,16.2611
2016-04-02,16.8022
2016-04-03,18.6229
2016-04-04,20.1573
2016-04-05,21.0273
2016-04-06,20.3333
2016-04-07,20.5994
2016-04-08,19.7634
2016-04-09,20.0030
2016-04-10,21.0493
2016-04-11,21.9326
2016-04-12,20.9907
2016-04-13,20.3344
2016-04-14,20.1137
2016-04-15,17.6664
2016-04-16,20.0651
2016-04-17,19.6032
2016-04-18,20.0759
2016-04-19,19.1529
2016-04-20,20.5992
2016-04-21,20.5917
2016-04-22,20.0011
2016-04-23,20.1495
2016-04-24,21.3443
2016-04-25,19.8519
2016-04-26,20.6916
2016-04-27,21.8497
2016-04-28,21.6023
2016-04-29,19.8304
2016-04-30,21.6265
2016-05-01,18.8950
2016-05-02,19.4723
2016-05-03,19.3959
2016-05-04,19.9475
2016-05-05,19.2560
2016-05-06,19.8280
2016-05-07,20.4505
2016-05-08,20.3927
2016-05-09,20.9733
2016-05-10,22.3604
2016-05-11,22.6623
2016-05-12,22.6120
2016-05-13,22.0781
2016-05-14,20.5108
2016-05-15,20.8440
2016-05-16,20.4835
2016-05-17,21.5535
2016-05-18,20.5620
2016-05-19,20.8050
2016-05-20,21.8147
2016-05-21,21.9202
2016-05-22,21.1026
2016-05-23,22.3899
2016-05-24,22.7154
2016-05-25,22.6848
2016-05-26,21.6369
2016-05-27,21.0433
2016-05-28,21.8209
2016-05-29,22.4122
2016-05-30,22.2701
2016-05-31,22.2268
2016-06-01,21.6500
2016-06-02,23.0792
2016-06-03,23.8365
2016-06-04,24.5759
2016-06-05,24.2148
2016-06-06,23.5830
2016-06-07,23.5240
2016-06-08,23.4492
2016-06-09,23.6540
2016-06-10,23.7867
2016-06-11,23.5026
2016-06-12,23.9217
2016-06-13,22.4550
2016-06-14,23.7059
2016-06-15,23.6016
2016-06-16,24.1454
2016-06-17,24.0151
2016-06-18,23.9321
2016-06-19,24.1204
2016-06-20,24.1921
2016-06-21,24.1735
2016-06-22,23.7039
2016-06-23,24.3147
2016-06-24,24.0048
2016-06-25,24.4035
2016-06-26,24.2527
2016-06-27,24.5671
2016-06-28,25.1183
2016-06-29,25.1901
2016-06-30,25.1627
2016-07-01,24.6151
2016-07-02,24.2556
2016-07-03,24.4364
2016-07-04,24.1626
2016-07-05,24.3023
2016-07-06,24.2587
2016-07-07,24.5429
2016-07-08,25.1630
2016-07-09,24.6256
2016-07-10,24.4426
2016-07-11,24.4955
2016-07-12,24.7058
2016-07-13,24.6385
2016-07-14,25.1598
2016-07-15,24.8889
2016-07-16,24.2569
2016-07-17,23.8990
2016-07-18,23.9091
2016-07-19,24.1706
2016-07-20,24.8682
2016-07-21,24.1959
2016-07-22,24.3043
2016-07-23,23.8549
2016-07-24,24.0331
2016-07-25,23.5706
2016-07-26,22.6992
2016-07-27,23.4436
2016-07-28,23.8045
2016-07-29,23.9837
2016-07-30,24.1223
2016-07-31,24.3665
2016-08-01,24.4397
2016-08-02,24.9364
2016-08-03,24.9841
2016-08-04,25.4070
2016-08-05,24.9983
2016-08-06,24.7511
2016-08-07,24.5218
2016-08-08,24.3682
2016-08-09,24.6693
2016-08-10,24.1190
2016-08-11,25.0071
2016-08-12,25.2757
2016-08-13,25.4733
2016-08-14,25.5621
2016-08-15,25.6852
2016-08-16,24.3880
2016-08-17,25.1170
2016-08-18,24.8418
2016-08-19,24.7806
2016-08-20,25.4853
2016-08-21,26.1295
2016-08-22,24.2223
2016-08-23,24.0435
2016-08-24,24.8212
2016-08-25,25.9536
2016-08-26,24.2239
2016-08-27,24.7461
2016-08-28,25.7639
2016-08-29,24.8185
2016-08-30,24.8927
2016-08-31,24.5390
2016-09-01,24.4998
2016-09-02,24.2911
2016-09-03,24.3663
2016-09-04,24.6670
2016-09-05,24.6550
2016-09-06,25.0431
2016-09-07,24.7952
2016-09-08,24.8468
2016-09-09,24.4994
2016-09-10,24.1189
2016-09-11,24.0613
2016-09-12,23.5237
2016-09-13,23.4053
2016-09-14,23.7560
2016-09-15,23.8752
2016-09-16,23.6977
2016-09-17,23.4743
2016-09-18,23.7833
2016-09-19,23.7345
2016-09-20,23.5894
2016-09-21,23.1382
2016-09-22,23.0920
2016-09-23,23.1620
2016-09-24,23.0528
2016-09-25,23.1655
2016-09-26,22.6162
2016-09-27,23.3529
2016-09-28,23.7007
2016-09-29,23.7296
2016-09-30,23.6822
2016-10-01,23.7291
2016-10-02,24.5502
2016-10-03,24.3116
2016-10-04,23.6171
2016-10-05,23.8660
2016-10-06,22.8753
2016-10-07,23.4536
2016-10-08,23.0653
2016-10-09,23.3078
2016-10-10,22.8230
2016-10-11,22.3698
2016-10-12,21.9346
2016-10-13,21.7445
2016-10-14,20.7537
2016-10-15,20.3702
2016-10-16,20.5424
2016-10-17,20.7113
2016-10-18,20.8560
2016-10-19,20.2181
2016-10-20,19.5417
2016-10-21,18.9058
2016-10-22,18.6785
2016-10-23,18.5660
2016-10-24,18.6252
2016-10-25,19.6102
2016-10-26,19.5140
2016-10-27,20.4764
2016-10-28,19.6439
2016-10-29,18.6689
2016-10-30,18.5559
2016-10-31,18.4906
2016-11-01,18.2723
2016-11-02,18.8670
2016-11-03,18.6958
2016-11-04,18.3228
2016-11-05,18.1657
2016-11-06,17.2559
2016-11-07,17.6824
2016-11-08,17.5700
2016-11-09,16.8689
2016-11-10,16.8459
2016-11-11,16.9718
2016-11-12,16.7463
2016-11-13,16.9094
2016-11-14,16.5685
2016-11-15,15.3383
2016-11-16,15.1017
2016-11-17,14.3823
2016-11-18,13.8969
2016-11-19,13.4950
2016-11-20,13.2352
2016-11-21,12.2919
2016-11-22,12.0628
2016-11-23,12.4614
2016-11-24,12.4188
2016-11-25,12.5644
2016-11-26,12.9240
2016-11-27,13.2881
2016-11-28,14.2128
2016-11-29,13.5057
2016-11-30,13.6599
2016-12-01,13.9635
2016-12-02,14.0927
2016-12-03,13.9790
2016-12-04,13.1065
2016-12-05,12.9435
2016-12-06,12.2868
2016-12-07,11.4458
2016-12-08,11.3604
2016-12-09,11.0903
2016-12-10,11.2532
2016-12-11,10.8736
2016-12-12,10.5793
2016-12-13,10.2587
2016-12-14,10.3136
2016-12-15,10.2362
2016-12-16,10.3414
2016-12-17,10.8269
2016-12-18,11.4459
2016-12-19,11.5885
2016-12-20,11.9094
2016-12-21,12.0308
2016-12-22,11.7083
2016-12-23,12.4924
2016-12-24,12.4047
2016-12-25,12.7884
2016-12-26,12.2225
2016-12-27,11.2678
2016-12-28,10.5506
2016-12-29,10.2628
2016-12-30,10.3492
2016-12-31,11.0849
2017-01-01,11.0377
2017-01-02,10.6954
2017-01-03,11.1864
2017-01-04,10.4472
2017-01-05,10.3297
2017-01-06,9.5849
2017-01-07,8.6885
2017-01-08,8.3575
2017-01-09,8.3356
2017-01-10,9.0855
2017-01-11,8.5053
2017-01-12,7.7036
2017-01-13,6.7512
2017-01-14,6.0938
2017-01-15,6.4462
2017-01-16,6.8890
2017-01-17,7.0530
2017-01-18,7.8879
2017-01-19,8.5880
2017-01-20,9.0914
2017-01-21,8.8454
2017-01-22,9.7192
2017-01-23,9.6968
2017-01-24,10.0203
2017-01-25,10.6312
2017-01-26,10.3526
2017-01-27,11.9507
2017-01-28,11.8987
2017-01-29,10.9038
2017-01-30,10.7158
2017-01-31,11.0901
2017-02-01,11.2533
2017-02-02,10.4268
2017-02-03,10.7319
2017-02-04,10.4564
2017-02-05,10.7666
2017-02-06,11.4774
2017-02-07,11.9875
2017-02-08,12.0807
2017-02-09,11.4764
2017-02-10,11.3360
2017-02-11,11.0512
2017-02-12,10.7406
2017-02-13,11.0116
2017-02-14,11.2061
2017-02-15,11.1110
2017-02-16,11.6305
2017-02-17,12.2178
2017-02-18,12.7309
2017-02-19,13.6433
2017-02-20,15.7506
2017-02-21,15.8519
2017-02-22,15.7301
2017-02-23,14.0186
2017-02-24,12.4068
2017-02-25,11.3829
2017-02-26,11.4196
2017-02-27,12.1864
2017-02-28,13.0122
2017-03-01,13.1228
2017-03-02,13.7538
2017-03-03,14.4570
2017-03-04,14.7667
2017-03-05,14.4785
2017-03-06,13.4614
2017-03-07,11.8251
2017-03-08,12.4742
2017-03-09,13.4981
2017-03-10,14.4898
2017-03-11,14.7124
2017-03-12,13.1765
2017-03-13,11.6781
2017-03-14,11.2544
2017-03-15,11.2041
2017-03-16,11.8943
2017-03-17,12.4855
2017-03-18,13.1674
2017-03-19,11.7524
2017-03-20,14.4508
2017-03-21,11.8480
2017-03-22,12.9112
2017-03-23,14.5100
2017-03-24,16.3463
2017-03-25,16.4267
2017-03-26,16.2713
2017-03-27,18.2123
2017-03-28,18.8615
2017-03-29,19.0847
2017-03-30,18.9391
2017-03-31,18.8201
2017-04-01,19.5633
2017-04-02,18.0706
2017-04-03,17.1513
2017-04-04,16.3752
2017-04-05,17.3325
2017-04-06,18.1714
2017-04-07,19.3310
2017-04-08,20.3407
2017-04-09,19.8266
2017-04-10,18.9190
2017-04-11,17.6362
2017-04-12,17.6563
2017-04-13,17.8809
2017-04-14,18.9017
2017-04-15,19.7466
2017-04-16,17.3725
2017-04-17,17.9350
2017-04-18,18.9390
2017-04-19,20.9300
2017-04-20,18.7122
2017-04-21,19.7224
2017-04-22,19.4931
2017-04-23,19.3531
2017-04-24,19.8592
2017-04-25,20.2680
2017-04-26,20.3596
2017-04-27,20.8032
2017-04-28,19.9327
2017-04-29,18.8348
2017-04-30,18.8278
2017-05-01,18.5117
2017-05-02,18.7618
2017-05-03,19.7419
2017-05-04,19.6473
2017-05-05,19.3553
2017-05-06,19.6578
2017-05-07,18.2547
2017-05-08,20.9541
2017-05-09,21.2343
2017-05-10,20.7453
2017-05-11,20.7939
2017-05-12,21.1479
2017-05-13,21.7854
2017-05-14,21.8987
2017-05-15,21.9248
2017-05-16,20.8182
2017-05-17,21.4157
2017-05-18,22.0740
2017-05-19,22.4813
2017-05-20,22.0483
2017-05-21,20.9082
2017-05-22,22.3398
2017-05-23,23.1190
2017-05-24,22.7494
2017-05-25,22.8482
2017-05-26,22.5312
2017-05-27,22.7496
2017-05-28,22.3997
2017-05-29,23.4277
2017-05-30,23.3196
2017-05-31,22.1535
2017-06-01,22.1918
2017-06-02,22.8350
2017-06-03,21.7062
2017-06-04,22.8473
2017-06-05,23.1690
2017-06-06,22.6454
2017-06-07,23.9530
2017-06-08,24.2838
2017-06-09,24.1919
2017-06-10,23.9211
2017-06-11,24.2638
2017-06-12,23.7280
2017-06-13,23.6349
2017-06-14,23.1372
2017-06-15,23.5787
2017-06-16,24.0674
2017-06-17,23.3304
2017-06-18,23.2862
2017-06-19,22.8815
2017-06-20,22.7980
2017-06-21,23.3150
2017-06-22,22.9985
2017-06-23,23.9513
2017-06-24,24.4279
2017-06-25,24.7104
2017-06-26,24.2290
2017-06-27,24.7148
2017-06-28,24.9189
2017-06-29,24.9841
2017-06-30,24.5233
2017-07-01,24.1883
2017-07-02,24.0870
2017-07-03,24.7524
2017-07-04,24.2985
2017-07-05,24.4507
2017-07-06,24.6774
2017-07-07,24.6832
2017-07-08,25.1805
2017-07-09,24.3995
2017-07-10,23.2215
2017-07-11,22.9016
2017-07-12,22.9312
2017-07-13,23.7421
2017-07-14,24.1919
2017-07-15,24.0352
2017-07-16,23.9959
2017-07-17,24.5629
2017-07-18,25.3057
2017-07-19,25.0255
2017-07-20,24.7671
2017-07-21,24.4351
2017-07-22,24.7896
2017-07-23,24.3630
2017-07-24,23.5213
2017-07-25,23.5911
2017-07-26,23.6587
2017-07-27,23.9445
2017-07-28,23.6234
2017-07-29,24.4617
2017-07-30,24.1591
2017-07-31,25.0146
2017-08-01,24.9505
2017-08-02,24.8743
2017-08-03,25.1154
2017-08-04,25.0075
2017-08-05,25.5671
2017-08-06,25.2962
2017-08-07,25.0294
2017-08-08,24.6771
2017-08-09,24.5651
2017-08-10,23.9057
2017-08-11,23.6692
2017-08-12,23.9995
2017-08-13,23.4989
2017-08-14,23.8620
2017-08-15,24.2222
2017-08-16,24.5998
2017-08-17,24.6832
2017-08-18,24.5189
2017-08-19,24.4989
2017-08-20,24.4758
2017-08-21,24.9383
2017-08-22,24.2232
2017-08-23,24.1391
2017-08-24,24.3022
2017-08-25,23.8998
2017-08-26,24.3554
2017-08-27,24.6606
2017-08-28,24.6282
2017-08-29,24.4186
2017-08-30,24.3979
2017-08-31,23.9530
2017-09-01,24.0119
2017-09-02,24.1621
2017-09-03,23.9433
2017-09-04,23.9440
2017-09-05,24.0387
2017-09-06,23.9029
2017-09-07,24.0636
2017-09-08,23.9759
2017-09-09,24.4203
2017-09-10,23.2299
2017-09-11,23.1208
2017-09-12,23.7330
2017-09-13,23.4954
2017-09-14,23.6922
2017-09-15,24.0396
2017-09-16,24.7300
2017-09-17,25.2486
2017-09-18,23.5517
2017-09-19,24.0912
2017-09-20,23.9670
2017-09-21,23.3220
2017-09-22,23.9619
2017-09-23,23.9967
2017-09-24,23.9866
2017-09-25,24.2033
2017-09-26,23.8954
2017-09-27,24.3571
2017-09-28,24.4795
2017-09-29,23.1078
2017-09-30,22.9232
2017-10-01,22.8613
2017-10-02,22.8838
2017-10-03,22.7356
2017-10-04,22.9305
2017-10-05,23.3968
2017-10-06,23.4752
2017-10-07,23.0921
2017-10-08,23.0666
2017-10-09,22.3459
2017-10-10,22.2494
2017-10-11,22.6331
2017-10-12,23.1608
2017-10-13,23.0572
2017-10-14,22.6752
2017-10-15,22.5371
2017-10-16,21.4448
2017-10-17,21.1594
2017-10-18,21.1741
2017-10-19,21.0612
2017-10-20,21.6577
2017-10-21,20.6577
2017-10-22,19.4958
2017-10-23,20.6822
2017-10-24,19.5117
2017-10-25,18.9111
2017-10-26,18.3388
2017-10-27,17.4853
2017-10-28,17.0582
2017-10-29,17.6484
2017-10-30,18.8771
2017-10-31,16.0216
2017-11-01,16.1196
2017-11-02,16.0620
2017-11-03,16.1666
2017-11-04,16.9291
2017-11-05,16.6845
2017-11-06,16.3600
2017-11-07,16.3023
2017-11-08,16.2120
2017-11-09,15.7830
2017-11-10,15.4002
2017-11-11,15.4690
2017-11-12,15.0053
2017-11-13,15.3480
2017-11-14,14.9083
2017-11-15,14.6530
2017-11-16,15.7553
2017-11-17,16.9266
2017-11-18,16.6679
2017-11-19,16.2938
2017-11-20,15.7370
2017-11-21,15.6255
2017-11-22,14.1303
2017-11-23,14.5183
2017-11-24,13.7172
2017-11-25,13.5085
2017-11-26,13.4744
2017-11-27,14.0545
2017-11-28,12.8660
2017-11-29,12.9298
2017-11-30,11.9457
2017-12-01,12.1378
2017-12-02,11.8743
2017-12-03,11.5816
2017-12-04,11.4092
2017-12-05,11.3234
2017-12-06,11.4198
2017-12-07,11.4222
2017-12-08,12.4989
2017-12-09,12.7639
2017-12-10,14.7720
2017-12-11,15.1504
2017-12-12,14.3508
2017-12-13,13.1428
2017-12-14,13.2538
2017-12-15,12.2761
2017-12-16,12.1444
2017-12-17,11.9400
2017-12-18,12.2746
2017-12-19,12.2070
2017-12-20,11.4120
2017-12-21,11.4866
2017-12-22,11.6656
2017-12-23,11.7679
2017-12-24,11.2031
2017-12-25,11.6746
2017-12-26,10.9993
2017-12-27,10.9831
2017-12-28,11.4730
2017-12-29,10.4810
2017-12-30,10.4103
2017-12-31,10.3100
2018-01-01,9.9709
2018-01-02,11.2612
2018-01-03,10.8655
2018-01-04,9.6701
2018-01-05,8.8797
2018-01-06,8.7582
2018-01-07,7.7005
2018-01-08,5.2537
2018-01-09,5.8354
2018-01-10,6.7640
2018-01-11,6.9976
2018-01-12,7.2532
2018-01-13,7.7898
2018-01-14,8.8875
2018-01-15,8.7877
2018-01-16,8.9898
2018-01-17,9.1838
2018-01-18,10.1391
2018-01-19,10.3392
2018-01-20,10.5242
2018-01-21,10.4564
2018-01-22,10.6532
2018-01-23,10.6746
2018-01-24,10.7638
2018-01-25,10.6476
2018-01-26,8.8279
2018-01-27,8.4356
2018-01-28,7.4748
2018-01-29,7.2567
2018-01-30,7.4231
2018-01-31,9.1457
2018-02-01,9.0922
2018-02-02,9.7448
2018-02-03,10.9558
2018-02-04,11.1845
2018-02-05,11.9250
2018-02-06,11.5515
2018-02-07,11.9347
2018-02-08,13.2538
2018-02-09,10.5312
2018-02-10,10.5372
2018-02-11,10.1544
2018-02-12,10.1590
2018-02-13,11.7075
2018-02-14,11.9748
2018-02-15,10.9705
2018-02-16,10.5610
2018-02-17,10.9990
2018-02-18,11.6940
2018-02-19,11.1130
2018-02-20,12.0245
2018-02-21,11.9738
2018-02-22,12.3451
2018-02-23,13.0300
2018-02-24,14.2639
2018-02-25,14.2293
2018-02-26,14.3224
2018-02-27,13.7954
2018-02-28,13.5892
2018-03-01,14.7984
2018-03-02,15.2776
2018-03-03,15.1190
2018-03-04,15.7444
2018-03-05,15.5841
2018-03-06,15.0971
2018-03-07,13.6947
2018-03-08,13.3792
2018-03-09,14.0742
2018-03-10,14.5096
2018-03-11,15.2748
2018-03-12,15.0221
2018-03-13,15.5908
2018-03-14,14.5097
2018-03-15,16.1620
2018-03-16,17.1194
2018-03-17,16.0441
2018-03-18,14.9861
2018-03-19,14.4860
2018-03-20,15.4109
2018-03-21,16.0439
2018-03-22,16.2710
2018-03-23,17.1106
2018-03-24,17.7212
2018-03-25,17.4338
2018-03-26,17.7291
2018-03-27,16.9582
2018-03-28,16.3992
2018-03-29,18.1459
2018-03-30,17.5716
2018-03-31,15.2929
2018-04-01,16.6775
2018-04-02,17.3978
2018-04-03,18.2382
2018-04-04,17.8052
2018-04-05,18.9100
2018-04-06,17.8050
2018-04-07,17.7943
2018-04-08,19.0757
2018-04-09,18.3523
2018-04-10,19.1242
2018-04-11,19.0672
2018-04-12,19.0927
2018-04-13,17.8333
2018-04-14,18.3406
2018-04-15,19.0727
2018-04-16,19.2842
2018-04-17,19.8696
2018-04-18,19.6042
2018-04-19,18.8288
2018-04-20,19.4214
2018-04-21,19.5100
2018-04-22,19.2411
2018-04-23,20.5262
2018-04-24,19.8206
2018-04-25,19.4638
2018-04-26,18.6508
2018-04-27,18.2042
2018-04-28,19.2663
2018-04-29,19.4051
2018-04-30,19.0397
2018-05-01,18.4572
2018-05-02,19.4884
2018-05-03,18.7395
2018-05-04,19.6684
2018-05-05,19.1883
2018-05-06,20.8023
2018-05-07,20.2311
2018-05-08,20.6203
2018-05-09,20.0984
2018-05-10,19.7031
2018-05-11,18.3511
2018-05-12,19.9169
2018-05-13,19.8555
2018-05-14,19.6340
2018-05-15,20.4615
2018-05-16,19.7267
2018-05-17,20.3456
2018-05-18,21.1304
2018-05-19,21.3678
2018-05-20,22.0832
2018-05-21,22.1211
2018-05-22,23.2670
2018-05-23,22.7131
2018-05-24,22.8706
2018-05-25,22.8102
2018-05-26,22.6503
2018-05-27,22.9902
2018-05-28,21.8012
2018-05-29,20.6912
2018-05-30,21.7972
2018-05-31,22.5408
2018-06-01,22.1908
2018-06-02,23.1400
2018-06-03,22.8769
2018-06-04,23.7976
2018-06-05,23.9823
2018-06-06,24.7274
2018-06-07,24.0615
2018-06-08,24.2956
2018-06-09,24.5083
2018-06-10,25.2240
2018-06-11,23.9865
2018-06-12,24.1429
2018-06-13,24.1697
2018-06-14,22.7981
2018-06-15,23.4469
2018-06-16,22.9077
2018-06-17,23.2726
2018-06-18,22.7474
2018-06-19,23.8511
2018-06-20,24.7754
2018-06-21,24.8054
2018-06-22,24.1494
2018-06-23,24.6307
2018-06-24,24.4799
2018-06-25,24.6115
2018-06-26,24.9837
2018-06-27,24.8790
2018-06-28,23.9953
2018-06-29,24.5873
2018-06-30,24.5493
2018-07-01,23.7578
2018-07-02,23.8698
2018-07-03,24.0302
2018-07-04,24.4398
2018-07-05,24.0223
2018-07-06,24.4962
2018-07-07,24.6657
2018-07-08,25.1536
2018-07-09,24.9045
2018-07-10,24.9560
2018-07-11,24.5572
2018-07-12,25.0801
2018-07-13,24.7404
2018-07-14,25.1778
2018-07-15,23.8225
2018-07-16,25.2407
2018-07-17,25.4081
2018-07-18,25.1970
2018-07-19,26.1468
2018-07-20,27.2277
2018-07-21,25.0972
2018-07-22,25.1426
2018-07-23,25.4732
2018-07-24,24.3711
2018-07-25,24.3521
2018-07-26,24.1388
2018-07-27,24.7873
2018-07-28,24.6399
2018-07-29,24.6240
2018-07-30,24.4049
2018-07-31,24.4759
2018-08-01,23.6511
2018-08-02,23.9275
2018-08-03,24.0626
2018-08-04,24.4957
2018-08-05,24.5682
2018-08-06,25.2394
2018-08-07,24.6416
2018-08-08,24.1743
2018-08-09,24.6049
2018-08-10,24.7143
2018-08-11,24.3116
2018-08-12,24.2198
2018-08-13,24.2710
2018-08-14,24.8907
2018-08-15,24.8892
2018-08-16,25.1312
2018-08-17,25.4147
2018-08-18,25.7144
2018-08-19,26.0651
2018-08-20,25.3501
2018-08-21,25.2329
2018-08-22,24.5252
2018-08-23,25.0036
2018-08-24,24.8541
2018-08-25,24.1685
2018-08-26,24.4383
2018-08-27,24.8386
2018-08-28,24.3964
2018-08-29,24.8766
2018-08-30,24.6022
2018-08-31,24.6882
2018-09-01,24.7729
2018-09-02,24.5411
2018-09-03,24.0105
2018-09-04,24.3770
2018-09-05,24.5012
2018-09-06,24.8830
2018-09-07,24.4775
2018-09-08,24.5754
2018-09-09,24.4715
2018-09-10,23.9553
2018-09-11,23.2584
2018-09-12,23.0632
2018-09-13,22.9377
2018-09-14,23.3522
2018-09-15,23.0069
2018-09-16,23.3041
2018-09-17,23.5370
2018-09-18,24.1061
2018-09-19,24.4941
2018-09-20,24.4784
2018-09-21,23.8041
2018-09-22,23.2735
2018-09-23,23.7578
2018-09-24,23.4672
2018-09-25,23.4788
2018-09-26,23.4027
2018-09-27,23.6245
2018-09-28,22.9066
2018-09-29,23.4924
2018-09-30,23.1422
2018-10-01,23.2538
2018-10-02,22.4214
2018-10-03,21.8333
2018-10-04,21.3962
2018-10-05,21.0609
2018-10-06,20.8673
2018-10-07,20.7026
2018-10-08,20.2141
2018-10-09,19.7566
2018-10-10,19.2988
2018-10-11,20.1775
2018-10-12,20.4352
2018-10-13,20.3209
2018-10-14,20.1106
2018-10-15,19.0881
2018-10-16,18.1723
2018-10-17,18.1635
2018-10-18,18.6308
2018-10-19,18.6951
2018-10-20,18.5215
2018-10-21,18.6131
2018-10-22,18.1720
2018-10-23,18.0975
2018-10-24,17.3595
2018-10-25,17.2351
2018-10-26,16.8957
2018-10-27,17.5395
2018-10-28,17.6486
2018-10-29,17.6957
2018-10-30,17.6731
2018-10-31,17.7872
2018-11-01,16.8550
2018-11-02,17.0801
2018-11-03,17.6315
2018-11-04,17.3910
2018-11-05,17.3449
2018-11-06,17.7762
2018-11-07,15.5225
2018-11-08,15.3156
2018-11-09,14.8533
2018-11-10,14.4103
2018-11-11,14.5878
2018-11-12,14.3335
2018-11-13,14.8578
2018-11-14,15.3468
2018-11-15,14.8378
2018-11-16,15.5414
2018-11-17,15.2764
2018-11-18,13.1663
2018-11-19,12.5714
2018-11-20,12.4969
2018-11-21,12.4810
2018-11-22,12.4240
2018-11-23,12.6181
2018-11-24,12.4484
2018-11-25,12.5003
2018-11-26,12.6768
2018-11-27,12.6760
2018-11-28,12.4094
2018-11-29,12.0267
2018-11-30,11.5301
2018-12-01,11.8936
2018-12-02,11.5854
2018-12-03,11.9579
2018-12-04,11.2729
2018-12-05,11.0519
2018-12-06,11.4913
2018-12-07,10.8664
2018-12-08,10.2344
2018-12-09,9.3214
2018-12-10,9.5644
2018-12-11,9.8250
2018-12-12,9.9835
2018-12-13,10.2696
2018-12-14,10.7359
2018-12-15,10.1023
2018-12-16,10.9077
2018-12-17,12.6026
2018-12-18,13.0089
2018-12-19,12.0932
2018-12-20,11.1301
2018-12-21,11.4418
2018-12-22,10.6621
2018-12-23,9.7544
2018-12-24,9.3675
2018-12-25,10.0945
2018-12-26,9.2940
2018-12-27,8.4824
2018-12-28,9.3131
2018-12-29,7.0832
2018-12-30,8.3768
2018-12-31,8.3120
2019-01-01,6.7441
2019-01-02,6.4736
2019-01-03,7.7531
2019-01-04,7.4534
2019-01-05,7.9344
2019-01-06,7.4595
2019-01-07,8.0215
2019-01-08,7.8826
2019-01-09,7.9586
2019-01-10,8.4509
2019-01-11,7.9326
2019-01-12,7.7578
2019-01-13,8.0186
2019-01-14,8.3987
2019-01-15,7.5973
2019-01-16,7.6510
2019-01-17,8.6167
2019-01-18,8.3445
2019-01-19,8.4085
2019-01-20,9.5387
2019-01-21,9.1853
2019-01-22,9.6429
2019-01-23,9.7860
2019-01-24,10.1659
2019-01-25,11.6778
2019-01-26,11.6045
2019-01-27,13.1306
2019-01-28,12.3657
2019-01-29,11.9972
2019-01-30,8.7251
2019-01-31,8.7287
2019-02-01,9.8241
2019-02-02,9.4170
2019-02-03,9.4266
2019-02-04,9.0015
2019-02-05,9.6291
2019-02-06,9.8976
2019-02-07,10.3495
2019-02-08,11.7628
2019-02-09,13.1208
2019-02-10,10.7198
2019-02-11,8.7405
2019-02-12,8.8144
2019-02-13,10.1808
2019-02-14,10.9448
2019-02-15,12.7011
2019-02-16,13.3805
2019-02-17,11.0102
2019-02-18,11.0342
2019-02-19,10.6945
2019-02-20,12.5430
2019-02-21,12.5947
2019-02-22,11.7197
2019-02-23,13.9691
2019-02-24,13.2501
2019-02-25,12.7036
2019-02-26,11.8824
2019-02-27,12.1826
2019-02-28,12.3777
2019-03-01,9.6873
2019-03-02,9.0973
2019-03-03,9.9750
2019-03-04,11.6459
2019-03-05,12.3297
2019-03-06,12.9678
2019-03-07,12.2120
2019-03-08,11.9320
2019-03-09,10.9703
2019-03-10,12.2910
2019-03-11,14.0082
2019-03-12,14.7325
2019-03-13,15.6553
2019-03-14,15.2184
2019-03-15,16.9752
2019-03-16,16.9782
2019-03-17,15.9560
2019-03-18,16.2337
2019-03-19,14.4828
2019-03-20,14.3052
2019-03-21,15.2050
2019-03-22,15.5081
2019-03-23,15.4273
2019-03-24,14.7664
2019-03-25,15.4417
2019-03-26,15.9631
2019-03-27,14.2066
2019-03-28,14.3346
2019-03-29,15.3460
2019-03-30,18.2596
2019-03-31,17.8482
2019-04-01,15.3045
2019-04-02,16.3986
2019-04-03,15.1467
2019-04-04,16.7322
2019-04-05,17.8465
2019-04-06,18.1885
2019-04-07,16.5738
2019-04-08,15.8422
2019-04-09,16.1914
2019-04-10,16.0605
2019-04-11,17.0765
2019-04-12,18.9335
2019-04-13,19.8264
2019-04-14,19.7581
2019-04-15,19.9472
2019-04-16,20.4078
2019-04-17,18.4438
2019-04-18,19.4125
2019-04-19,18.5478
2019-04-20,18.0956
2019-04-21,17.2893
2019-04-22,18.0046
2019-04-23,18.3645
2019-04-24,19.1781
2019-04-25,20.5343
2019-04-26,20.7194
2019-04-27,21.9516
2019-04-28,21.1936
2019-04-29,21.3099
2019-04-30,20.6203
2019-05-01,20.2978
2019-05-02,20.1882
2019-05-03,20.8187
2019-05-04,20.7844
2019-05-05,20.1484
2019-05-06,20.6788
2019-05-07,21.1113
2019-05-08,20.6316
2019-05-09,20.8267
2019-05-10,21.5569
2019-05-11,22.1309
2019-05-12,21.3326
2019-05-13,19.7816
2019-05-14,20.5401
2019-05-15,20.4545
2019-05-16,20.9462
2019-05-17,21.2947
2019-05-18,20.8030
2019-05-19,21.4701
2019-05-20,22.0194
2019-05-21,22.1936
2019-05-22,22.5838
2019-05-23,20.5561
2019-05-24,21.6268
2019-05-25,21.5340
2019-05-26,22.1465
2019-05-27,22.1806
2019-05-28,21.8681
2019-05-29,22.6106
2019-05-30,21.3306
2019-05-31,21.3744
2019-06-01,21.1816
2019-06-02,22.4912
2019-06-03,22.8591
2019-06-04,22.4453
2019-06-05,22.8997
2019-06-06,23.6742
2019-06-07,23.3294
2019-06-08,23.5419
2019-06-09,23.8262
2019-06-10,23.5134
2019-06-11,22.9693
2019-06-12,24.5099
2019-06-13,25.2370
2019-06-14,25.2618
2019-06-15,24.0226
2019-06-16,23.9620
2019-06-17,23.8432
2019-06-18,23.7232
2019-06-19,24.8995
2019-06-20,25.6504
2019-06-21,24.9502
2019-06-22,24.7676
2019-06-23,25.1934
2019-06-24,25.9511
2019-06-25,25.6847
2019-06-26,24.8021
2019-06-27,23.5666
2019-06-28,24.4162
2019-06-29,23.7322
2019-06-30,25.3533
2019-07-01,25.7915
2019-07-02,24.6520
2019-07-03,24.9174
2019-07-04,25.2156
2019-07-05,25.0217
2019-07-06,24.9094
2019-07-07,24.0814
2019-07-08,24.6868
2019-07-09,23.7641
2019-07-10,23.8612
2019-07-11,24.1061
2019-07-12,23.5539
2019-07-13,23.5914
2019-07-14,23.6206
2019-07-15,23.0581
2019-07-16,22.8624
2019-07-17,23.7036
2019-07-18,23.2792
2019-07-19,24.6607
2019-07-20,24.7784
2019-07-21,24.9670
2019-07-22,24.4426
2019-07-23,24.4685
2019-07-24,24.3966
2019-07-25,24.3249
2019-07-26,24.0496
2019-07-27,23.9022
2019-07-28,24.0918
2019-07-29,23.9857
2019-07-30,24.4991
2019-07-31,24.3019
2019-08-01,23.8467
2019-08-02,24.2197
2019-08-03,24.6777
2019-08-04,24.9923
2019-08-05,25.4605
2019-08-06,26.2435
2019-08-07,25.5534
2019-08-08,24.3454
2019-08-09,24.6584
2019-08-10,24.9026
2019-08-11,25.3893
2019-08-12,26.4709
2019-08-13,24.0329
2019-08-14,24.7279
2019-08-15,24.6912
2019-08-16,24.5975
2019-08-17,25.1009
2019-08-18,25.4155
2019-08-19,25.0660
2019-08-20,25.4794
2019-08-21,24.8871
2019-08-22,25.4960
2019-08-23,24.9399
2019-08-24,24.0409
2019-08-25,23.9246
2019-08-26,24.7738
2019-08-27,24.8693
2019-08-28,25.8612
2019-08-29,25.2447
2019-08-30,25.1432
2019-08-31,24.4024
2019-09-01,24.9666
2019-09-02,25.8365
2019-09-03,24.5480
2019-09-04,24.1992
2019-09-05,24.7780
2019-09-06,24.7603
2019-09-07,24.9662
2019-09-08,24.7536
2019-09-09,24.6378
2019-09-10,24.2530
2019-09-11,24.5125
2019-09-12,24.7056
2019-09-13,23.6526
2019-09-14,23.7774
2019-09-15,23.9253
2019-09-16,23.7787
2019-09-17,23.4129
2019-09-18,23.0620
2019-09-19,23.2984
2019-09-20,23.2678
2019-09-21,23.3725
2019-09-22,23.6063
2019-09-23,22.3099
2019-09-24,21.7617
2019-09-25,21.6223
2019-09-26,21.4096
2019-09-27,22.2076
2019-09-28,22.1645
2019-09-29,21.3574
2019-09-30,21.4094
2019-10-01,21.3157
2019-10-02,21.4362
2019-10-03,22.1213
2019-10-04,21.9899
2019-10-05,22.6009
2019-10-06,22.7451
2019-10-07,22.0785
2019-10-08,21.5288
2019-10-09,20.7564
2019-10-10,20.5892
2019-10-11,20.4872
2019-10-12,20.3615
2019-10-13,20.0316
2019-10-14,19.4476
2019-10-15,19.7833
2019-10-16,20.2890
2019-10-17,20.2288
2019-10-18,20.2332
2019-10-19,20.2564
2019-10-20,20.3076
2019-10-21,21.2521
2019-10-22,20.2999
2019-10-23,18.9745
2019-10-24,19.4996
2019-10-25,18.2995
2019-10-26,18.0498
2019-10-27,19.3149
2019-10-28,18.5006
2019-10-29,18.0259
2019-10-30,17.7994
2019-10-31,17.8996
2019-11-01,17.6143
2019-11-02,17.2131
2019-11-03,17.1964
2019-11-04,17.6893
2019-11-05,16.7254
2019-11-06,17.5379
2019-11-07,16.7527
2019-11-08,17.8018
2019-11-09,18.9471
2019-11-10,18.2942
2019-11-11,18.0079
2019-11-12,17.1802
2019-11-13,16.9931
2019-11-14,17.3949
2019-11-15,16.5840
2019-11-16,16.3950
2019-11-17,16.2796
2019-11-18,15.9937
2019-11-19,15.6762
2019-11-20,15.4508
2019-11-21,13.8096
2019-11-22,13.8862
2019-11-23,13.9655
2019-11-24,13.6088
2019-11-25,14.4208
2019-11-26,14.3889
2019-11-27,14.1734
2019-11-28,13.6632
2019-11-29,13.5120
2019-11-30,13.0407
2019-12-01,13.2505
2019-12-02,12.6857
2019-12-03,11.2940
2019-12-04,10.5060
2019-12-05,10.8566
2019-12-06,10.3241
2019-12-07,9.6245
2019-12-08,9.8009
2019-12-09,9.6746
2019-12-10,10.3121
2019-12-11,10.7154
2019-12-12,11.1856
2019-12-13,10.5795
2019-12-14,10.6706
2019-12-15,10.9595
2019-12-16,11.6071
2019-12-17,10.4774
2019-12-18,9.2343
2019-12-19,9.8306
2019-12-20,9.4615
2019-12-21,9.7425
2019-12-22,9.3507
2019-12-23,10.1222
2019-12-24,8.1271
2019-12-25,8.4751
2019-12-26,7.7379
2019-12-27,8.3810
2019-12-28,8.6746
2019-12-29,7.3831
2019-12-30,6.8821
2019-12-31,7.9647
2020-01-01,9.3051
2020-01-02,11.3482
2020-01-03,11.6732
2020-01-04,11.1449
2020-01-05,10.2436
2020-01-06,7.8071
2020-01-07,6.9900
2020-01-08,7.7257
2020-01-09,11.2502
2020-01-10,8.8337
2020-01-11,8.1469
2020-01-12,8.1397
2020-01-13,8.5032
2020-01-14,9.0808
2020-01-15,8.6913
2020-01-16,9.5411
2020-01-17,10.0357
2020-01-18,10.6471
2020-01-19,11.3847
2020-01-20,11.9662
2020-01-21,8.5015
2020-01-22,8.4929
2020-01-23,8.7336
2020-01-24,8.1421
2020-01-25,7.4264
2020-01-26,7.3829
2020-01-27,7.7535
2020-01-28,9.1013
2020-01-29,9.3465
2020-01-30,10.7364
2020-01-31,11.2866
2020-02-01,9.9749
2020-02-02,8.5982
2020-02-03,7.1845
2020-02-04,6.8130
2020-02-05,7.9408
2020-02-06,7.3938
2020-02-07,7.8793
2020-02-08,8.7170
2020-02-09,10.6435
2020-02-10,8.7043
2020-02-11,8.8957
2020-02-12,9.3247
2020-02-13,10.2531
2020-02-14,10.4833
2020-02-15,12.2733
2020-02-16,12.0353
2020-02-17,12.3104
2020-02-18,12.7287
2020-02-19,12.3512
2020-02-20,12.8517
2020-02-21,12.3374
2020-02-22,12.5374
2020-02-23,13.0997
2020-02-24,12.4006
2020-02-25,12.4553
2020-02-26,12.2723
2020-02-27,10.2382
2020-02-28,10.6539
2020-02-29,10.9967
2020-03-01,12.3909
2020-03-02,13.1747
2020-03-03,13.4153
2020-03-04,12.7821
2020-03-05,13.5160
2020-03-06,13.7571
2020-03-07,13.2796
2020-03-08,13.3608
2020-03-09,12.7300
2020-03-10,12.2912
2020-03-11,12.9161
2020-03-12,13.7699
2020-03-13,15.3725
2020-03-14,15.8648
2020-03-15,15.9671
2020-03-16,14.9925
2020-03-17,13.9405
2020-03-18,14.4665
2020-03-19,14.2604
2020-03-20,15.7608
2020-03-21,15.7931
2020-03-22,14.8185
2020-03-23,14.6264
2020-03-24,14.6408
2020-03-25,15.2337
2020-03-26,17.1729
2020-03-27,17.3232
2020-03-28,18.4083
2020-03-29,18.4044
2020-03-30,17.4652
2020-03-31,17.1343
2020-04-01,16.7974
2020-04-02,17.1501
2020-04-03,17.4377
2020-04-04,16.4672
2020-04-05,16.8269
2020-04-06,16.8016
2020-04-07,18.3484
2020-04-08,18.2058
2020-04-09,17.6723
2020-04-10,16.6870
2020-04-11,18.4322
2020-04-12,17.4362
2020-04-13,17.2554
2020-04-14,18.8331
2020-04-15,20.4183
2020-04-16,17.4049
2020-04-17,18.0799
2020-04-18,17.8487
2020-04-19,17.6695
2020-04-20,16.9019
2020-04-21,17.8552
2020-04-22,17.3032
2020-04-23,17.5364
2020-04-24,17.4307
2020-04-25,17.0199
2020-04-26,17.6160
2020-04-27,18.4767
2020-04-28,19.1270
2020-04-29,19.1088
2020-04-30,19.0235
2020-05-01,19.3495
2020-05-02,19.6767
2020-05-03,18.9623
2020-05-04,19.8125
2020-05-05,20.1921
2020-05-06,19.7666
2020-05-07,18.7073
2020-05-08,18.0908
2020-05-09,19.3469
2020-05-10,20.2125
2020-05-11,20.7290
2020-05-12,21.5080
2020-05-13,20.5062
2020-05-14,20.3772
2020-05-15,21.0063
2020-05-16,20.6737
2020-05-17,20.3992
2020-05-18,21.5014
2020-05-19,22.6176
2020-05-20,23.0807
2020-05-21,20.8325
2020-05-22,21.7302
2020-05-23,21.8197
2020-05-24,22.2216
2020-05-25,21.9620
2020-05-26,21.3718
2020-05-27,19.4343
2020-05-28,19.5698
2020-05-29,20.5586
2020-05-30,20.3681
2020-05-31,21.6809
2020-06-01,21.5889
2020-06-02,21.8334
2020-06-03,22.7520
2020-06-04,22.3377
2020-06-05,22.1464
2020-06-06,22.4525
2020-06-07,22.4848
2020-06-08,22.5725
2020-06-09,23.3337
2020-06-10,23.9569
2020-06-11,24.0446
2020-06-12,23.7221
2020-06-13,23.9781
2020-06-14,24.3370
2020-06-15,23.9802
2020-06-16,23.8136
2020-06-17,23.9753
2020-06-18,23.5120
2020-06-19,24.0029
2020-06-20,24.0853
2020-06-21,24.2418
2020-06-22,24.3017
2020-06-23,24.1266
2020-06-24,24.8433
2020-06-25,23.6299
2020-06-26,23.6109
2020-06-27,23.1037
2020-06-28,22.8270
2020-06-29,23.6346
2020-06-30,24.1773
2020-07-01,24.5468
2020-07-02,24.3774
2020-07-03,24.1647
2020-07-04,24.1681
2020-07-05,24.1513
2020-07-06,24.3051
2020-07-07,24.3453
2020-07-08,24.9255
2020-07-09,24.4599
2020-07-10,24.1796
2020-07-11,23.6961
2020-07-12,23.7530
2020-07-13,23.9034
2020-07-14,24.7135
2020-07-15,24.1925
2020-07-16,24.3195
2020-07-17,24.0596
2020-07-18,23.8789
2020-07-19,24.6050
2020-07-20,23.6579
2020-07-21,23.6090
2020-07-22,23.5629
2020-07-23,24.3576
2020-07-24,24.3417
2020-07-25,24.0733
2020-07-26,24.5782
2020-07-27,24.7806
2020-07-28,23.7613
2020-07-29,24.0444
2020-07-30,23.8490
2020-07-31,23.9726
2020-08-01,23.8997
2020-08-02,24.9029
2020-08-03,25.5015
2020-08-04,26.3869
2020-08-05,26.4957
2020-08-06,25.7617
2020-08-07,25.6765
2020-08-08,25.6739
2020-08-09,24.6827
2020-08-10,24.4889
2020-08-11,24.7514
2020-08-12,24.9019
2020-08-13,24.6753
2020-08-14,24.5876
2020-08-15,24.9242
2020-08-16,24.4341
2020-08-17,24.8597
2020-08-18,24.8567
2020-08-19,24.6503
2020-08-20,24.5744
2020-08-21,24.0679
2020-08-22,23.9241
2020-08-23,24.1618
2020-08-24,24.3912
2020-08-25,24.6716
2020-08-26,24.0840
2020-08-27,24.6086
2020-08-28,24.4063
2020-08-29,24.1853
2020-08-30,24.4173
2020-08-31,24.5015
2020-09-01,24.8247
2020-09-02,25.1660
2020-09-03,24.1230
2020-09-04,24.2302
2020-09-05,24.6546
2020-09-06,23.9337
2020-09-07,23.7999
2020-09-08,24.0657
2020-09-09,24.2389
2020-09-10,24.3564
2020-09-11,24.2829
2020-09-12,24.3477
2020-09-13,24.1093
2020-09-14,23.9391
2020-09-15,23.6816
2020-09-16,23.8905
2020-09-17,23.9320
2020-09-18,23.4791
2020-09-19,24.1370
2020-09-20,25.7085
2020-09-21,24.5315
2020-09-22,24.3268
2020-09-23,23.2901
2020-09-24,23.2361
2020-09-25,23.5507
2020-09-26,22.7559
2020-09-27,23.1269
2020-09-28,23.2907
2020-09-29,23.7027
2020-09-30,23.8500
2020-10-01,24.1275
2020-10-02,23.7222
2020-10-03,23.4611
2020-10-04,23.3768
2020-10-05,23.5429
2020-10-06,23.5109
2020-10-07,23.8270
2020-10-08,23.3715
2020-10-09,23.5139
2020-10-10,23.5903
2020-10-11,23.3195
2020-10-12,23.3684
2020-10-13,23.6755
2020-10-14,22.7828
2020-10-15,22.5582
2020-10-16,22.8473
2020-10-17,22.7039
2020-10-18,23.0068
2020-10-19,22.5860
2020-10-20,22.3267
2020-10-21,22.1702
2020-10-22,21.9483
2020-10-23,21.3624
2020-10-24,21.0792
2020-10-25,21.3876
2020-10-26,21.0368
2020-10-27,19.9178
2020-10-28,19.8724
2020-10-29,19.7607
2020-10-30,20.0527
2020-10-31,19.4326
2020-11-01,20.4852
2020-11-02,20.0529
2020-11-03,20.1974
2020-11-04,19.5987
2020-11-05,16.3541
2020-11-06,15.0014
2020-11-07,15.2960
2020-11-08,15.4781
2020-11-09,15.2012
2020-11-10,14.9079
2020-11-11,15.9133
2020-11-12,15.3600
2020-11-13,15.1614
2020-11-14,15.2745
2020-11-15,15.2184
2020-11-16,14.7986
2020-11-17,14.3756
2020-11-18,13.6954
2020-11-19,13.4777
2020-11-20,14.0832
2020-11-21,14.7511
2020-11-22,13.1652
2020-11-23,11.2445
2020-11-24,11.1247
2020-11-25,11.1458
2020-11-26,11.7547
2020-11-27,13.6853
2020-11-28,13.5879
2020-11-29,12.2163
2020-11-30,12.0173
2020-12-01,12.6336
2020-12-02,12.7463
2020-12-03,12.9894
2020-12-04,12.6699
2020-12-05,12.3148
2020-12-06,13.1330
2020-12-07,12.3855
2020-12-08,11.5410
2020-12-09,11.2705
2020-12-10,12.2592
2020-12-11,12.3777
2020-12-12,12.4061
2020-12-13,12.1620
2020-12-14,12.5074
2020-12-15,11.5417
2020-12-16,11.0354
2020-12-17,10.8477
2020-12-18,9.7848
2020-12-19,8.1987
2020-12-20,7.5288
2020-12-21,8.2135
2020-12-22,7.9601
2020-12-23,8.7550
2020-12-24,8.4959
2020-12-25,8.1928
2020-12-26,8.2369
2020-12-27,8.4945
2020-12-28,8.8671
2020-12-29,8.5974
2020-12-30,8.2227
2020-12-31,7.9269
2021-01-01,7.7348
2021-01-02,7.7191
2021-01-03,8.4784
2021-01-04,9.0422
2021-01-05,10.4562
2021-01-06,10.7617
2021-01-07,11.4683
2021-01-08,10.9696
2021-01-09,10.8248
2021-01-10,11.6638
2021-01-11,12.6141
2021-01-12,12.5475
2021-01-13,11.3803
2021-01-14,10.5293
2021-01-15,8.9078
2021-01-16,9.6784
2021-01-17,10.6564
2021-01-18,10.4522
2021-01-19,10.8997
2021-01-20,12.3746
2021-01-21,12.2370
2021-01-22,9.9808
2021-01-23,10.2380
2021-01-24,10.5828
2021-01-25,10.3580
2021-01-26,10.2541
2021-01-27,9.9734
2021-01-28,9.7573
2021-01-29,9.4963
2021-01-30,9.8077
2021-01-31,9.0147
2021-02-01,8.3447
2021-02-02,8.3123
2021-02-03,8.8436
2021-02-04,8.6367
2021-02-05,8.8197
2021-02-06,9.7710
2021-02-07,9.9036
2021-02-08,9.1738
2021-02-09,9.0065
2021-02-10,9.4003
2021-02-11,10.3892
2021-02-12,10.2721
2021-02-13,10.8720
2021-02-14,11.2156
2021-02-15,12.1117
2021-02-16,11.4676
2021-02-17,12.0514
2021-02-18,12.3382
2021-02-19,12.1144
2021-02-20,12.8975
2021-02-21,11.9740
2021-02-22,12.0073
2021-02-23,12.2188
2021-02-24,12.2251
2021-02-25,13.7549
2021-02-26,15.3880
2021-02-27,15.6605
2021-02-28,16.0978
2021-03-01,16.0737
2021-03-02,15.1657
2021-03-03,13.2272
2021-03-04,12.9017
2021-03-05,13.8974
2021-03-06,14.0049
2021-03-07,13.8999
2021-03-08,14.4967
2021-03-09,15.0303
2021-03-10,16.4708
2021-03-11,15.6779
2021-03-12,16.2354
2021-03-13,15.9801
2021-03-14,16.0599
2021-03-15,16.4754
2021-03-16,15.3922
2021-03-17,15.9766
2021-03-18,16.4945
2021-03-19,16.4262
2021-03-20,17.0344
2021-03-21,17.5926
2021-03-22,16.4286
2021-03-23,16.6187
2021-03-24,17.5391
2021-03-25,17.8606
2021-03-26,16.1609
2021-03-27,15.2333
2021-03-28,15.7845
2021-03-29,16.3393
2021-03-30,16.7173
2021-03-31,17.2384
2021-04-01,17.1396
2021-04-02,16.6986
2021-04-03,17.1008
2021-04-04,17.4547
2021-04-05,16.9970
2021-04-06,16.3267
2021-04-07,17.5134
2021-04-08,18.1817
2021-04-09,16.9058
2021-04-10,19.4456
2021-04-11,18.0589
2021-04-12,19.5226
2021-04-13,19.4588
2021-04-14,19.0461
2021-04-15,19.7322
2021-04-16,18.8985
2021-04-17,16.8756
2021-04-18,17.8676
2021-04-19,16.6896
2021-04-20,18.2685
2021-04-21,19.3488
2021-04-22,19.4556
2021-04-23,18.3823
2021-04-24,18.1945
2021-04-25,19.3138
2021-04-26,20.1308
2021-04-27,21.0843
2021-04-28,20.1971
2021-04-29,19.4506
2021-04-30,20.4628
2021-05-01,19.5085
2021-05-02,18.9274
2021-05-03,19.1554
2021-05-04,18.8833
2021-05-05,19.0359
2021-05-06,19.1271
2021-05-07,19.9352
2021-05-08,19.1056
2021-05-09,19.4400
2021-05-10,19.6179
2021-05-11,19.0768
2021-05-12,19.9850
2021-05-13,19.0315
2021-05-14,19.8549
2021-05-15,20.3477
2021-05-16,20.6353
2021-05-17,21.0829
2021-05-18,21.2894
2021-05-19,21.8485
2021-05-20,22.9467
2021-05-21,22.4660
2021-05-22,23.0608
2021-05-23,23.4141
2021-05-24,23.8634
2021-05-25,22.7918
2021-05-26,23.1311
2021-05-27,23.2659
2021-05-28,22.7364
2021-05-29,22.6990
2021-05-30,23.2006
2021-05-31,23.0425
2021-06-01,22.3813
2021-06-02,22.7182
2021-06-03,23.7906
2021-06-04,23.4807
2021-06-05,22.8842
2021-06-06,21.9523
2021-06-07,22.1436
2021-06-08,22.3134
2021-06-09,23.1628
2021-06-10,23.4035
2021-06-11,24.0038
2021-06-12,24.2480
2021-06-13,24.2000
2021-06-14,24.7150
2021-06-15,24.1555
2021-06-16,24.1095
2021-06-17,23.9354
2021-06-18,23.2476
2021-06-19,23.7251
2021-06-20,23.3426
2021-06-21,23.4898
2021-06-22,24.1898
2021-06-23,24.4626
2021-06-24,24.8002
2021-06-25,25.1514
2021-06-26,24.8737
2021-06-27,24.5089
2021-06-28,25.0003
2021-06-29,24.6952
2021-06-30,24.1210
2021-07-01,23.4949
2021-07-02,23.4052
2021-07-03,23.0075
2021-07-04,23.4519
2021-07-05,23.8130
2021-07-06,24.7055
2021-07-07,24.7723
2021-07-08,24.6380
2021-07-09,23.9277
2021-07-10,24.8718
2021-07-11,23.6830
2021-07-12,24.9299
2021-07-13,23.2501
2021-07-14,24.0342
2021-07-15,23.9159
2021-07-16,24.1134
2021-07-17,23.4749
2021-07-18,23.9780
2021-07-19,24.1929
2021-07-20,24.8944
2021-07-21,25.0119
2021-07-22,24.5309
2021-07-23,24.9190
2021-07-24,25.2883
2021-07-25,24.9559
2021-07-26,25.0522
2021-07-27,24.4655
2021-07-28,25.0880
2021-07-29,24.3180
2021-07-30,24.2871
2021-07-31,24.5038
2021-08-01,24.2389
2021-08-02,24.4231
2021-08-03,24.5706
2021-08-04,24.6598
2021-08-05,24.2388
2021-08-06,25.1180
2021-08-07,23.9589
2021-08-08,24.2637
2021-08-09,24.9451
2021-08-10,25.0223
2021-08-11,25.1364
2021-08-12,24.9927
2021-08-13,24.6879
2021-08-14,24.6642
2021-08-15,24.5864
2021-08-16,24.6199
2021-08-17,24.9769
2021-08-18,24.5734
2021-08-19,24.4895
2021-08-20,24.2977
2021-08-21,23.7093
2021-08-22,23.9019
2021-08-23,24.4362
2021-08-24,23.8166
2021-08-25,23.9055
2021-08-26,23.1711
2021-08-27,23.7388
2021-08-28,23.2412
2021-08-29,23.3954
2021-08-30,23.6480
2021-08-31,23.3306
2021-09-01,24.0847
2021-09-02,23.6476
2021-09-03,23.4453
2021-09-04,24.1623
2021-09-05,24.2026
2021-09-06,24.8980
2021-09-07,23.6684
2021-09-08,24.0631
2021-09-09,23.9910
2021-09-10,24.2886
2021-09-11,24.1314
2021-09-12,24.9144
2021-09-13,23.8588
2021-09-14,24.3465
2021-09-15,23.6829
2021-09-16,23.7627
2021-09-17,23.4680
2021-09-18,23.5090
2021-09-19,22.8564
2021-09-20,23.6697
2021-09-21,23.9607
2021-09-22,22.3512
2021-09-23,23.3771
2021-09-24,23.6914
2021-09-25,24.1037
2021-09-26,23.5230
2021-09-27,24.5790
2021-09-28,23.3507
2021-09-29,23.8759
2021-09-30,22.9135
2021-10-01,23.9544
2021-10-02,24.4083
2021-10-03,22.8422
2021-10-04,23.1361
2021-10-05,22.8640
2021-10-06,22.6748
2021-10-07,23.0675
2021-10-08,22.4665
2021-10-09,22.7980
2021-10-10,23.1456
2021-10-11,22.4858
2021-10-12,23.3787
2021-10-13,23.5309
2021-10-14,23.1277
2021-10-15,23.5626
2021-10-16,23.2407
2021-10-17,23.7347
2021-10-18,23.2901
2021-10-19,22.1936
2021-10-20,21.1136
2021-10-21,21.3537
2021-10-22,19.5410
2021-10-23,19.1461
2021-10-24,18.7948
2021-10-25,18.9402
2021-10-26,19.2369
2021-10-27,19.0216
2021-10-28,18.5586
2021-10-29,17.9677
2021-10-30,18.5419
2021-10-31,17.8302
2021-11-01,16.5611
2021-11-02,15.8992
2021-11-03,15.9397
2021-11-04,16.0983
2021-11-05,14.8622
2021-11-06,15.1213
2021-11-07,14.7543
2021-11-08,14.8568
2021-11-09,14.7108
2021-11-10,14.5177
2021-11-11,15.2369
2021-11-12,14.9429
2021-11-13,14.8330
2021-11-14,14.5217
2021-11-15,13.9715
2021-11-16,13.9765
2021-11-17,13.3199
2021-11-18,12.9046
2021-11-19,12.9716
2021-11-20,13.5103
2021-11-21,14.2375
2021-11-22,14.7455
2021-11-23,14.6913
2021-11-24,14.3306
2021-11-25,13.1460
2021-11-26,13.2165
2021-11-27,12.1508
2021-11-28,11.8227
2021-11-29,11.7349
2021-11-30,11.6590
2021-12-01,12.4248
2021-12-02,12.3418
2021-12-03,12.5043
2021-12-04,13.5486
2021-12-05,13.7222
2021-12-06,14.2642
2021-12-07,14.4776
2021-12-08,13.9610
2021-12-09,13.2463
2021-12-10,14.2889
2021-12-11,12.0918
2021-12-12,11.4275
2021-12-13,10.5832
2021-12-14,10.3938
2021-12-15,9.6780
2021-12-16,9.8641
2021-12-17,9.4816
2021-12-18,9.6047
2021-12-19,9.3882
2021-12-20,8.1441
2021-12-21,8.8271
2021-12-22,8.9917
2021-12-23,8.5972
2021-12-24,8.2001
2021-12-25,8.8547
2021-12-26,8.4075
2021-12-27,8.3256
2021-12-28,8.8258
2021-12-29,9.6390
2021-12-30,10.3085
2021-12-31,8.7181
2022-01-01,8.4759
2022-01-02,9.2896
2022-01-03,9.7115
2022-01-04,9.1653
2022-01-05,9.2592
2022-01-06,9.3498
2022-01-07,9.8546
2022-01-08,9.9189
2022-01-09,10.1526
2022-01-10,11.1594
2022-01-11,11.3597
2022-01-12,12.7538
2022-01-13,11.5023
2022-01-14,9.8126
2022-01-15,9.8747
2022-01-16,8.5364
2022-01-17,8.4032
2022-01-18,8.9825
2022-01-19,9.6609
2022-01-20,10.2311
2022-01-21,10.5274
2022-01-22,10.0075
2022-01-23,9.9474
2022-01-24,11.2424
2022-01-25,11.6497
2022-01-26,11.3792
2022-01-27,10.5822
2022-01-28,8.1365
2022-01-29,6.8612
2022-01-30,7.5367
2022-01-31,7.5274
2022-02-01,8.7363
2022-02-02,8.7524
2022-02-03,9.2002
2022-02-04,10.1681
2022-02-05,9.1880
2022-02-06,6.4246
2022-02-07,7.3523
2022-02-08,8.0111
2022-02-09,7.7651
2022-02-10,9.3486
2022-02-11,10.6970
2022-02-12,8.2995
2022-02-13,8.2186
2022-02-14,8.3503
2022-02-15,9.4722
2022-02-16,9.6449
2022-02-17,9.8148
2022-02-18,9.8842
2022-02-19,10.0674
2022-02-20,10.1160
2022-02-21,9.4294
2022-02-22,9.1130
2022-02-23,10.0438
2022-02-24,10.7110
2022-02-25,12.8995
2022-02-26,11.4051
2022-02-27,10.8129
2022-02-28,13.0742
2022-03-01,12.7754
2022-03-02,12.8223
2022-03-03,12.8520
2022-03-04,12.1947
2022-03-05,12.6131
2022-03-06,13.1880
2022-03-07,14.3426
2022-03-08,15.1249
2022-03-09,15.1885
2022-03-10,15.0656
2022-03-11,15.3030
2022-03-12,15.3204
2022-03-13,16.1280
2022-03-14,16.2717
2022-03-15,16.4533
2022-03-16,16.2366
2022-03-17,16.8714
2022-03-18,18.0159
2022-03-19,18.6677
2022-03-20,19.3249
2022-03-21,19.0692
2022-03-22,18.5382
2022-03-23,19.0217
2022-03-24,19.1262
2022-03-25,17.9237
2022-03-26,18.4510
2022-03-27,17.3585
2022-03-28,18.7452
2022-03-29,18.7158
2022-03-30,19.2529
2022-03-31,19.3945
2022-04-01,19.7626
2022-04-02,18.7348
2022-04-03,18.9500
2022-04-04,19.5317
2022-04-05,19.4738
2022-04-06,19.3058
2022-04-07,18.7978
2022-04-08,18.8283
2022-04-09,17.7203
2022-04-10,18.3777
2022-04-11,18.1372
2022-04-12,19.8019
2022-04-13,20.9080
2022-04-14,20.9767
2022-04-15,20.1413
2022-04-16,20.1423
2022-04-17,19.3720
2022-04-18,18.2166
2022-04-19,19.7125
2022-04-20,17.5465
2022-04-21,17.8626
2022-04-22,20.4422
2022-04-23,20.5134
2022-04-24,21.2484
2022-04-25,21.2756
2022-04-26,21.3129
2022-04-27,19.3599
2022-04-28,19.1030
2022-04-29,21.4017
2022-04-30,19.1582
2022-05-01,18.9909
2022-05-02,19.3303
2022-05-03,19.0587
2022-05-04,19.2512
2022-05-05,19.3712
2022-05-06,20.1374
2022-05-07,21.1432
2022-05-08,21.1858
2022-05-09,21.6601
2022-05-10,22.1871
2022-05-11,22.4456
2022-05-12,22.2333
2022-05-13,21.6306
2022-05-14,22.1404
2022-05-15,22.0778
2022-05-16,21.7764
2022-05-17,20.8242
2022-05-18,20.8842
2022-05-19,20.8812
2022-05-20,20.2583
2022-05-21,20.1953
2022-05-22,21.3788
2022-05-23,21.2791
2022-05-24,22.2747
2022-05-25,23.5666
2022-05-26,22.4579
2022-05-27,22.0589
2022-05-28,22.0805
2022-05-29,22.6545
2022-05-30,22.8291
2022-05-31,23.1628
2022-06-01,23.5844
2022-06-02,23.7642
2022-06-03,24.2783
2022-06-04,23.7674
2022-06-05,23.1178
2022-06-06,23.2577
2022-06-07,23.7370
2022-06-08,23.3818
2022-06-09,23.6974
2022-06-10,23.2205
2022-06-11,23.3070
2022-06-12,23.0226
2022-06-13,22.8985
2022-06-14,22.7739
2022-06-15,22.5311
2022-06-16,22.8425
2022-06-17,22.2907
2022-06-18,22.1423
2022-06-19,22.8113
2022-06-20,23.1910
2022-06-21,22.9379
2022-06-22,23.6370
2022-06-23,24.7524
2022-06-24,24.8135
2022-06-25,24.5248
2022-06-26,24.7270
2022-06-27,24.2760
2022-06-28,24.3581
2022-06-29,23.8779
2022-06-30,23.9154
2022-07-01,24.2861
2022-07-02,24.7155
2022-07-03,25.0123
2022-07-04,25.0069
2022-07-05,25.3895
2022-07-06,25.2867
2022-07-07,25.2331
2022-07-08,25.7437
2022-07-09,23.9983
2022-07-10,24.8955
2022-07-11,24.9979
2022-07-12,25.0774
2022-07-13,25.7883
2022-07-14,25.9646
2022-07-15,25.5844
2022-07-16,25.2823
2022-07-17,24.8933
2022-07-18,25.4974
2022-07-19,24.9986
2022-07-20,25.1250
2022-07-21,24.8170
2022-07-22,24.6315
2022-07-23,25.1326
2022-07-24,24.3339
2022-07-25,23.7728
2022-07-26,23.5428
2022-07-27,23.8956
2022-07-28,23.3937
2022-07-29,23.7826
2022-07-30,23.9621
2022-07-31,24.3196
2022-08-01,23.3528
2022-08-02,24.1854
2022-08-03,24.3693
2022-08-04,24.2637
2022-08-05,24.7325
2022-08-06,24.3523
2022-08-07,24.7147
2022-08-08,24.5510
2022-08-09,25.6042
2022-08-10,24.7327
2022-08-11,24.4937
2022-08-12,25.7366
2022-08-13,25.5995
2022-08-14,24.9584
2022-08-15,24.4162
2022-08-16,25.3955
2022-08-17,25.9834
2022-08-18,26.5383
2022-08-19,25.3791
2022-08-20,25.7886
2022-08-21,25.3301
2022-08-22,24.8569
2022-08-23,25.2556
2022-08-24,24.4777
2022-08-25,24.8780
2022-08-26,24.8586
2022-08-27,25.9518
2022-08-28,24.7636
2022-08-29,24.4286
2022-08-30,24.8476
2022-08-31,24.9154
2022-09-01,24.6962
2022-09-02,25.1971
2022-09-03,24.6885
2022-09-04,23.7385
2022-09-05,24.7236
2022-09-06,24.5667
2022-09-07,24.9850
2022-09-08,24.9206
2022-09-09,24.4840
2022-09-10,24.8464
2022-09-11,24.1345
2022-09-12,24.2470
2022-09-13,23.6024
2022-09-14,23.8432
2022-09-15,24.0474
2022-09-16,24.0807
2022-09-17,23.4795
2022-09-18,24.4067
2022-09-19,24.6261
2022-09-20,24.3789
2022-09-21,24.9087
2022-09-22,24.7001
2022-09-23,24.1053
2022-09-24,23.9442
2022-09-25,23.3807
2022-09-26,23.6197
2022-09-27,23.7455
2022-09-28,23.6990
2022-09-29,23.4450
2022-09-30,23.9432
2022-10-01,24.2021
2022-10-02,24.0207
2022-10-03,24.1688
2022-10-04,23.3992
2022-10-05,22.9978
2022-10-06,22.7128
2022-10-07,22.7614
2022-10-08,23.0926
2022-10-09,22.6709
2022-10-10,22.7291
2022-10-11,22.5115
2022-10-12,22.6258
2022-10-13,22.1642
2022-10-14,21.7814
2022-10-15,20.9506
2022-10-16,20.4996
2022-10-17,21.2063
2022-10-18,20.5914
2022-10-19,19.4746
2022-10-20,19.5737
2022-10-21,19.4058
2022-10-22,19.1627
2022-10-23,20.4534
2022-10-24,20.1002
2022-10-25,18.8056
2022-10-26,19.0041
2022-10-27,18.3511
2022-10-28,18.0443
2022-10-29,17.4115
2022-10-30,18.0152
2022-10-31,17.7385
2022-11-01,17.7048
2022-11-02,17.3383
2022-11-03,17.3914
2022-11-04,16.7232
2022-11-05,16.6523
2022-11-06,17.1996
2022-11-07,17.2214
2022-11-08,17.5991
2022-11-09,16.7138
2022-11-10,15.6153
2022-11-11,15.7792
2022-11-12,15.0749
2022-11-13,15.3615
2022-11-14,14.5689
2022-11-15,13.6546
2022-11-16,14.0398
2022-11-17,13.8455
2022-11-18,13.1939
2022-11-19,12.8523
2022-11-20,12.9236
2022-11-21,13.3755
2022-11-22,12.1953
2022-11-23,12.8289
2022-11-24,12.8493
2022-11-25,12.9175
2022-11-26,13.6952
2022-11-27,13.1879
2022-11-28,12.9425
2022-11-29,13.2953
2022-11-30,14.1293
2022-12-01,13.6650
2022-12-02,13.2519
2022-12-03,12.6785
2022-12-04,12.1274
2022-12-05,12.0207
2022-12-06,12.0773
2022-12-07,11.6088
2022-12-08,11.9642
2022-12-09,11.5012
2022-12-10,11.8615
2022-12-11,12.0790
2022-12-12,11.7840
2022-12-13,12.1497
2022-12-14,12.5008
2022-12-15,12.2896
2022-12-16,12.7113
2022-12-17,11.9380
2022-12-18,11.9615
2022-12-19,12.0982
2022-12-20,12.2705
2022-12-21,11.5666
2022-12-22,11.3889
2022-12-23,11.9311
2022-12-24,10.7895
2022-12-25,11.3193
2022-12-26,11.6845
2022-12-27,12.3720
2022-12-28,10.6336
2022-12-29,9.9768
2022-12-30,8.9995
2022-12-31,9.2658
2023-01-01,8.8767
2023-01-02,8.8061
2023-01-03,9.2429
2023-01-04,9.7533
2023-01-05,9.3256
2023-01-06,9.2161
2023-01-07,9.6303
2023-01-08,10.1977
2023-01-09,9.2487
2023-01-10,9.4941
2023-01-11,9.3462
2023-01-12,9.2535
2023-01-13,9.5303
2023-01-14,10.0444
2023-01-15,10.3089
2023-01-16,9.6262
2023-01-17,9.2937
2023-01-18,7.7076
2023-01-19,6.8759
2023-01-20,8.1631
2023-01-21,8.1462
2023-01-22,8.8382
2023-01-23,9.3692
2023-01-24,9.4723
2023-01-25,10.6819
2023-01-26,11.0037
2023-01-27,11.6288
2023-01-28,12.4710
2023-01-29,12.7540
2023-01-30,12.5621
2023-01-31,13.5912
2023-02-01,14.2101
2023-02-02,11.8616
2023-02-03,11.9822
2023-02-04,11.1040
2023-02-05,11.4279
2023-02-06,11.3813
2023-02-07,11.2607
2023-02-08,12.1213
2023-02-09,11.8357
2023-02-10,12.1816
2023-02-11,12.0854
2023-02-12,12.5572
2023-02-13,11.0573
2023-02-14,9.0898
2023-02-15,11.1225
2023-02-16,11.8134
2023-02-17,12.7442
2023-02-18,13.0621
2023-02-19,13.8094
2023-02-20,15.4815
2023-02-21,15.9333
2023-02-22,16.2801
2023-02-23,15.2791
2023-02-24,14.2685
2023-02-25,13.6842
2023-02-26,13.1705
2023-02-27,12.5487
2023-02-28,13.1234
2023-03-01,13.7772
2023-03-02,14.1792
2023-03-03,14.2868
2023-03-04,14.2949
2023-03-05,15.0279
2023-03-06,16.4623
2023-03-07,14.5281
2023-03-08,14.8675
2023-03-09,15.3286
2023-03-10,14.6078
2023-03-11,15.5049
2023-03-12,15.3138
2023-03-13,15.4145
2023-03-14,15.7363
2023-03-15,16.5834
2023-03-16,14.0196
2023-03-17,15.1546
2023-03-18,15.9269
2023-03-19,15.8795
2023-03-20,15.4322
2023-03-21,15.4291
2023-03-22,13.9845
2023-03-23,14.4909
2023-03-24,14.9894
2023-03-25,15.0504
2023-03-26,17.2185
2023-03-27,16.6196
2023-03-28,15.5295
2023-03-29,15.8289
2023-03-30,16.7654
2023-03-31,16.6263
2023-04-01,16.7136
2023-04-02,14.9088
2023-04-03,15.2596
2023-04-04,16.4350
2023-04-05,17.1553
2023-04-06,16.8077
2023-04-07,16.3708
2023-04-08,16.5606
2023-04-09,16.9731
2023-04-10,18.2436
2023-04-11,17.6899
2023-04-12,18.2390
2023-04-13,18.6234
2023-04-14,19.6691
2023-04-15,20.6575
2023-04-16,20.6175
2023-04-17,21.6184
2023-04-18,22.2474
2023-04-19,21.4120
2023-04-20,19.9479
2023-04-21,19.6772
2023-04-22,17.9149
2023-04-23,18.4040
2023-04-24,16.8521
2023-04-25,18.2959
2023-04-26,18.3066
2023-04-27,19.1087
2023-04-28,18.9103
2023-04-29,19.5784
2023-04-30,19.3943
2023-05-01,19.3362
2023-05-02,19.3687
2023-05-03,19.2396
2023-05-04,19.9562
2023-05-05,19.5652
2023-05-06,20.3025
2023-05-07,20.1294
2023-05-08,20.4462
2023-05-09,20.7506
2023-05-10,21.4951
2023-05-11,20.5334
2023-05-12,21.1959
2023-05-13,20.5474
2023-05-14,21.7192
2023-05-15,20.2356
2023-05-16,19.6348
2023-05-17,19.3049
2023-05-18,19.5024
2023-05-19,20.8466
2023-05-20,21.2458
2023-05-21,20.6313
2023-05-22,20.7210
2023-05-23,22.4305
2023-05-24,21.0850
2023-05-25,20.8695
2023-05-26,20.3677
2023-05-27,20.6271
2023-05-28,20.7772
2023-05-29,21.2977
2023-05-30,22.3980
2023-05-31,23.5783
2023-06-01,23.9410
2023-06-02,23.3653
2023-06-03,23.9588
2023-06-04,23.6085
2023-06-05,23.6386
2023-06-06,24.5490
2023-06-07,24.4313
2023-06-08,25.4738
2023-06-09,24.4684
2023-06-10,23.6733
2023-06-11,23.5838
2023-06-12,23.2216
2023-06-13,23.5476
2023-06-14,23.6134
2023-06-15,22.3732
2023-06-16,21.8987
2023-06-17,21.9934
2023-06-18,22.2434
2023-06-19,22.7433
2023-06-20,22.9076
2023-06-21,22.8816
2023-06-22,23.7789
2023-06-23,24.2125
2023-06-24,25.0879
2023-06-25,25.1247
2023-06-26,24.9000
2023-06-27,24.6239
2023-06-28,24.2382
2023-06-29,24.2572
2023-06-30,24.2903
2023-07-01,24.4474
2023-07-02,24.6205
2023-07-03,24.6161
2023-07-04,24.5224
2023-07-05,23.9837
2023-07-06,24.6251
2023-07-07,24.6779
2023-07-08,24.7448
2023-07-09,24.6337
2023-07-10,25.2619
2023-07-11,25.1159
2023-07-12,24.6983
2023-07-13,24.8287
2023-07-14,24.7853
2023-07-15,24.5194
2023-07-16,24.6934
2023-07-17,24.0473
2023-07-18,24.1771
2023-07-19,25.0874
2023-07-20,25.9330
2023-07-21,25.0692
2023-07-22,25.3707
2023-07-23,25.9394
2023-07-24,25.2225
2023-07-25,24.4842
2023-07-26,24.6204
2023-07-27,24.7419
2023-07-28,24.4946
2023-07-29,24.3586
2023-07-30,24.7505
2023-07-31,25.4376
2023-08-01,25.5054
2023-08-02,25.9920
2023-08-03,25.0918
2023-08-04,24.8027
2023-08-05,24.2186
2023-08-06,24.6557
2023-08-07,24.7637
2023-08-08,24.8993
2023-08-09,24.7858
2023-08-10,24.9689
2023-08-11,24.8870
2023-08-12,25.4197
2023-08-13,24.7454
2023-08-14,24.9067
2023-08-15,25.3621
2023-08-16,25.2228
2023-08-17,25.8896
2023-08-18,25.9151
2023-08-19,25.7584
2023-08-20,25.8138
2023-08-21,25.3165
2023-08-22,24.3096
2023-08-23,23.2280
2023-08-24,24.2763
2023-08-25,23.8299
2023-08-26,23.9645
2023-08-27,24.1590
2023-08-28,23.6804
2023-08-29,23.5104
2023-08-30,24.3046
2023-08-31,25.1632
2023-09-01,25.7631
2023-09-02,25.8942
2023-09-03,25.5936
2023-09-04,25.3429
2023-09-05,25.6046
2023-09-06,25.8666
2023-09-07,25.4096
2023-09-08,25.0998
2023-09-09,24.8149
2023-09-10,24.7349
2023-09-11,24.6992
2023-09-12,25.1249
2023-09-13,24.5754
2023-09-14,25.2294
2023-09-15,24.6519
2023-09-16,24.5727
2023-09-17,25.2262
2023-09-18,24.6257
2023-09-19,23.7920
2023-09-20,23.3189
2023-09-21,23.4295
2023-09-22,23.6053
2023-09-23,23.4601
2023-09-24,22.8232
2023-09-25,23.2366
2023-09-26,23.5106
2023-09-27,24.4195
2023-09-28,24.5131
2023-09-29,24.4624
2023-09-30,25.0303
2023-10-01,23.9047
2023-10-02,24.4724
2023-10-03,23.9286
2023-10-04,23.3806
2023-10-05,22.7894
2023-10-06,22.6201
2023-10-07,22.8225
2023-10-08,23.3098
2023-10-09,22.4025
2023-10-10,22.0820
2023-10-11,22.4714
2023-10-12,22.4083
2023-10-13,20.8286
2023-10-14,21.0578
2023-10-15,21.1578
2023-10-16,20.4916
2023-10-17,20.0316
2023-10-18,18.7209
2023-10-19,19.4377
2023-10-20,18.7803
2023-10-21,18.7751
2023-10-22,18.7503
2023-10-23,19.0048
2023-10-24,19.0946
2023-10-25,19.2306
2023-10-26,18.9294
2023-10-27,19.2182
2023-10-28,18.1347
2023-10-29,17.4011
2023-10-30,17.7104
2023-10-31,18.1122
2023-11-01,17.7421
2023-11-02,17.1756
2023-11-03,17.8653
2023-11-04,18.0484
2023-11-05,16.4500
2023-11-06,16.7736
2023-11-07,16.1491
2023-11-08,16.1413
2023-11-09,15.7884
2023-11-10,15.1682
2023-11-11,15.5129
2023-11-12,15.2721
2023-11-13,15.0782
2023-11-14,15.2956
2023-11-15,14.6375
2023-11-16,15.1905
2023-11-17,16.1855
2023-11-18,15.2101
2023-11-19,15.0608
2023-11-20,15.1893
2023-11-21,15.4147
2023-11-22,15.3892
2023-11-23,14.7521
2023-11-24,14.6542
2023-11-25,13.9947
2023-11-26,13.7633
2023-11-27,13.8899
2023-11-28,14.7932
2023-11-29,14.1391
2023-11-30,13.3979
2023-12-01,14.2639
2023-12-02,14.8659
2023-12-03,13.8173
2023-12-04,13.1962
2023-12-05,14.4901
2023-12-06,14.4657
2023-12-07,15.3864
2023-12-08,15.5931
2023-12-09,14.8510
2023-12-10,13.9154
2023-12-11,13.3850
2023-12-12,12.5709
2023-12-13,13.2482
2023-12-14,10.6052
2023-12-15,9.9748
2023-12-16,10.3825
2023-12-17,10.2137
2023-12-18,10.3172
2023-12-19,10.6951
2023-12-20,9.7993
2023-12-21,9.8730
2023-12-22,9.7049
2023-12-23,11.5576
2023-12-24,10.7941
2023-12-25,11.9542
2023-12-26,11.9138
2023-12-27,11.6724
2023-12-28,12.2072
2023-12-29,11.8553
2023-12-30,11.3447
2023-12-31,11.2173
2024-01-01,10.6486
2024-01-02,10.2979
2024-01-03,10.3097
2024-01-04,9.7181
2024-01-05,9.5706
2024-01-06,9.6116
2024-01-07,9.8497
2024-01-08,10.8598
2024-01-09,11.1458
2024-01-10,11.0411
2024-01-11,10.5246
2024-01-12,11.1936
2024-01-13,10.7426
2024-01-14,10.3963
2024-01-15,10.4389
2024-01-16,11.5097
2024-01-17,11.2177
2024-01-18,8.7986
2024-01-19,8.4109
2024-01-20,8.7860
2024-01-21,9.7417
2024-01-22,9.7654
2024-01-23,8.1559
2024-01-24,8.6753
2024-01-25,10.1119
2024-01-26,9.3555
2024-01-27,9.5847
2024-01-28,8.9964
2024-01-29,10.1311
2024-01-30,10.9093
2024-01-31,11.0582
2024-02-01,12.1299
2024-02-02,12.4425
2024-02-03,11.0238
2024-02-04,10.2021
2024-02-05,11.1722
2024-02-06,11.8083
2024-02-07,11.3853
2024-02-08,8.9686
2024-02-09,8.6273
2024-02-10,9.1688
2024-02-11,9.6544
2024-02-12,10.0969
2024-02-13,10.2224
2024-02-14,11.4575
2024-02-15,13.8874
2024-02-16,12.6331
2024-02-17,12.5376
2024-02-18,11.9106
2024-02-19,11.0788
2024-02-20,11.7362
2024-02-21,14.9753
2024-02-22,14.1547
2024-02-23,13.9854
2024-02-24,10.9275
2024-02-25,11.6384
2024-02-26,9.4490
2024-02-27,10.6042
2024-02-28,11.6514
2024-02-29,12.9593
2024-03-01,13.6888
2024-03-02,13.4787
2024-03-03,14.6606
2024-03-04,15.1804
2024-03-05,15.3097
2024-03-06,13.8388
2024-03-07,13.4736
2024-03-08,13.2264
2024-03-09,12.7352
2024-03-10,13.1414
2024-03-11,13.8166
2024-03-12,15.4719
2024-03-13,16.3495
2024-03-14,16.9476
2024-03-15,16.8704
2024-03-16,16.0163
2024-03-17,16.5744
2024-03-18,16.4595
2024-03-19,16.0613
2024-03-20,17.0547
2024-03-21,15.7932
2024-03-22,14.4484
2024-03-23,15.7459
2024-03-24,15.9213
2024-03-25,17.8816
2024-03-26,16.5175
2024-03-27,16.8540
2024-03-28,17.7443
2024-03-29,18.2965
2024-03-30,19.3154
2024-03-31,21.1019
2024-04-01,19.3297
2024-04-02,19.1806
2024-04-03,19.4872
2024-04-04,19.9931
2024-04-05,20.4205
2024-04-06,20.7429
2024-04-07,20.4011
2024-04-08,20.1594
2024-04-09,18.7383
2024-04-10,19.3020
2024-04-11,19.8396
2024-04-12,20.4148
2024-04-13,21.0426
2024-04-14,20.3495
2024-04-15,20.6731
2024-04-16,22.4574
2024-04-17,21.2878
2024-04-18,20.6913
2024-04-19,20.1363
2024-04-20,19.9236
2024-04-21,20.8281
2024-04-22,21.7447
2024-04-23,21.3529
2024-04-24,21.5136
2024-04-25,20.3487
2024-04-26,21.1738
2024-04-27,21.0561
2024-04-28,21.8782
2024-04-29,21.3332
2024-04-30,22.1399
2024-05-01,21.5087
2024-05-02,20.3707
2024-05-03,18.7862
2024-05-04,19.8428
2024-05-05,19.9988
2024-05-06,18.3477
2024-05-07,18.5042
2024-05-08,18.7007
2024-05-09,20.0834
2024-05-10,20.1789
2024-05-11,20.0206
2024-05-12,20.7428
2024-05-13,21.6036
2024-05-14,22.5266
2024-05-15,23.1089
2024-05-16,22.1487
2024-05-17,22.9165
2024-05-18,22.2146
2024-05-19,21.4937
2024-05-20,21.5959
2024-05-21,22.2606
2024-05-22,22.6136
2024-05-23,22.5475
2024-05-24,23.4673
2024-05-25,24.6321
2024-05-26,25.7664
2024-05-27,23.9199
2024-05-28,23.7511
2024-05-29,23.6425
2024-05-30,23.2160
2024-05-31,22.9616
2024-06-01,23.6818
2024-06-02,22.1739
2024-06-03,22.8357
2024-06-04,22.7887
2024-06-05,22.5294
2024-06-06,23.4706
2024-06-07,23.6699
2024-06-08,23.6345
2024-06-09,24.3717
2024-06-10,24.1215
2024-06-11,24.8394
2024-06-12,23.8845
2024-06-13,23.3410
2024-06-14,23.4659
2024-06-15,23.8027
2024-06-16,23.6809
2024-06-17,22.7086
2024-06-18,22.8750
2024-06-19,22.4196
2024-06-20,22.4699
2024-06-21,23.1158
2024-06-22,24.9147
2024-06-23,25.4047
2024-06-24,25.2681
2024-06-25,24.8908
2024-06-26,24.8825
2024-06-27,24.7734
2024-06-28,24.8610
2024-06-29,24.6285
2024-06-30,24.8387
2024-07-01,24.4872
2024-07-02,23.9864
2024-07-03,24.5596
2024-07-04,24.3386
2024-07-05,23.8711
2024-07-06,23.5086
2024-07-07,24.4614
2024-07-08,24.4101
2024-07-09,24.8580
2024-07-10,24.8222
2024-07-11,24.0311
2024-07-12,24.2566
2024-07-13,24.7917
2024-07-14,25.2508
2024-07-15,25.3255
2024-07-16,24.8028
2024-07-17,25.1732
2024-07-18,25.4093
2024-07-19,25.5485
2024-07-20,25.1232
2024-07-21,25.3933
2024-07-22,24.8427
2024-07-23,24.7842
2024-07-24,26.4992
2024-07-25,25.8596
2024-07-26,26.6802
2024-07-27,26.9228
2024-07-28,25.5995
2024-07-29,26.1060
2024-07-30,25.7770
2024-07-31,25.3651
2024-08-01,24.5584
2024-08-02,24.3121
2024-08-03,23.9895
2024-08-04,23.9736
2024-08-05,25.0154
2024-08-06,23.9776
2024-08-07,24.1222
2024-08-08,24.4291
2024-08-09,23.8559
2024-08-10,24.6574
2024-08-11,24.8168
2024-08-12,24.5474
2024-08-13,25.4340
2024-08-14,25.7623
2024-08-15,25.2064
2024-08-16,23.7741
2024-08-17,25.3260
2024-08-18,24.9970
2024-08-19,25.0233
2024-08-20,24.2584
2024-08-21,23.7311
2024-08-22,24.4623
2024-08-23,24.7080
2024-08-24,24.1912
2024-08-25,24.5044
2024-08-26,24.0402
2024-08-27,24.3884
2024-08-28,24.0708
2024-08-29,25.7047
2024-08-30,25.3876
2024-08-31,24.9426
2024-09-01,23.7348
2024-09-02,24.5390
2024-09-03,25.2657
2024-09-04,24.1288
2024-09-05,23.9931
2024-09-06,24.0849
2024-09-07,25.0050
2024-09-08,25.2327
2024-09-09,24.7072
2024-09-10,25.3417
2024-09-11,24.7343
2024-09-12,24.4060
2024-09-13,25.4823
2024-09-14,25.2929
2024-09-15,23.9721
2024-09-16,24.2645
2024-09-17,23.5748
2024-09-18,24.3155
2024-09-19,25.2056
2024-09-20,25.3730
2024-09-21,25.8041
2024-09-22,25.1248
2024-09-23,25.8499
2024-09-24,24.8937
2024-09-25,23.7786
2024-09-26,22.7204
2024-09-27,22.7432
2024-09-28,21.9858
2024-09-29,22.4996
2024-09-30,23.5830
2024-10-01,24.4575
2024-10-02,24.3957
2024-10-03,23.9957
2024-10-04,22.7730
2024-10-05,22.3347
2024-10-06,22.4074
2024-10-07,22.6330
2024-10-08,23.2518
2024-10-09,22.9907
2024-10-10,22.3217
2024-10-11,22.6404
2024-10-12,22.2375
2024-10-13,21.0867
2024-10-14,20.3382
2024-10-15,21.2589
2024-10-16,20.2816
2024-10-17,20.1280
2024-10-18,20.9947
2024-10-19,20.9810
2024-10-20,19.3401
2024-10-21,19.7484
2024-10-22,20.3361
2024-10-23,21.2122
2024-10-24,20.8360
2024-10-25,19.7741
2024-10-26,20.3791
2024-10-27,20.3835
2024-10-28,19.9126
2024-10-29,20.7560
2024-10-30,21.5206
2024-10-31,20.7222
2024-11-01,20.1610
2024-11-02,19.1701
2024-11-03,18.8430
2024-11-04,18.8351
2024-11-05,18.2610
2024-11-06,17.6846
2024-11-07,17.1581
2024-11-08,17.3548
2024-11-09,16.6937
2024-11-10,16.3801
2024-11-11,16.8910
2024-11-12,16.9301
2024-11-13,16.4053
2024-11-14,16.5183
2024-11-15,15.0971
2024-11-16,15.3792
2024-11-17,15.3357
2024-11-18,14.6016
2024-11-19,14.7652
2024-11-20,14.5897
2024-11-21,13.3757
2024-11-22,13.3363
2024-11-23,13.6623
2024-11-24,14.0180
2024-11-25,13.5539
2024-11-26,12.9699
2024-11-27,12.4606
2024-11-28,11.9128
2024-11-29,11.6233
2024-11-30,12.1537
2024-12-01,12.2080
2024-12-02,11.3375
2024-12-03,10.8819
2024-12-04,11.6081
2024-12-05,11.2589
2024-12-06,11.9267
2024-12-07,12.2907
2024-12-08,11.2701
2024-12-09,10.2664
2024-12-10,11.9680
2024-12-11,9.6992
2024-12-12,9.7359
2024-12-13,9.6791
2024-12-14,9.8656
2024-12-15,9.8667
2024-12-16,9.4404
2024-12-17,9.4942
2024-12-18,10.1405
2024-12-19,10.3982
2024-12-20,10.1490
2024-12-21,10.6050
2024-12-22,10.1468
2024-12-23,9.7792
2024-12-24,9.3143
2024-12-25,10.1346
2024-12-26,9.7268
2024-12-27,9.9340
2024-12-28,10.2459
2024-12-29,10.8945
2024-12-30,9.8182
2024-12-31,10.2488
